{
"type": "FeatureCollection",
"crs": { "type": "name", "properties": { "name": "urn:ogc:def:crs:EPSG::3857" } },
                                                                                
"features": [
{ "type": "Feature", "properties": { "speed": 0.970451, "dir": 116, "AM_dir": 206, "QGIS_dir": 296 }, "geometry": { "type": "Point", "coordinates": [ -12788798.894399405, 5761558.5571057471 ] } },
{ "type": "Feature", "properties": { "speed": 1.520052, "dir": 152, "AM_dir": 242, "QGIS_dir": 332 }, "geometry": { "type": "Point", "coordinates": [ -12772662.816729756, 5761114.3746621301 ] } },
{ "type": "Feature", "properties": { "speed": 2.061192, "dir": 156, "AM_dir": 246, "QGIS_dir": 336 }, "geometry": { "type": "Point", "coordinates": [ -12756529.183893766, 5760640.8406680981 ] } },
{ "type": "Feature", "properties": { "speed": 2.220328, "dir": 146, "AM_dir": 236, "QGIS_dir": 326 }, "geometry": { "type": "Point", "coordinates": [ -12740398.151869189, 5760137.9718008302 ] } },
{ "type": "Feature", "properties": { "speed": 1.887215, "dir": 131, "AM_dir": 221, "QGIS_dir": 311 }, "geometry": { "type": "Point", "coordinates": [ -12724269.876474388, 5759605.7857637191 ] } },
{ "type": "Feature", "properties": { "speed": 1.387812, "dir": 111, "AM_dir": 201, "QGIS_dir": 291 }, "geometry": { "type": "Point", "coordinates": [ -12804537.367929788, 5778180.1575744255 ] } },
{ "type": "Feature", "properties": { "speed": 1.618636, "dir": 147, "AM_dir": 237, "QGIS_dir": 327 }, "geometry": { "type": "Point", "coordinates": [ -12788369.644311868, 5777763.1221183287 ] } },
{ "type": "Feature", "properties": { "speed": 2.169754, "dir": 154, "AM_dir": 244, "QGIS_dir": 334 }, "geometry": { "type": "Point", "coordinates": [ -12772204.22458351, 5777316.5625847392 ] } },
{ "type": "Feature", "properties": { "speed": 2.169754, "dir": 154, "AM_dir": 244, "QGIS_dir": 334 }, "geometry": { "type": "Point", "coordinates": [ -12756041.265904488, 5776840.494768898 ] } },
{ "type": "Feature", "properties": { "speed": 2.464459, "dir": 144, "AM_dir": 234, "QGIS_dir": 324 }, "geometry": { "type": "Point", "coordinates": [ -12739880.925282964, 5776334.935503562 ] } },
{ "type": "Feature", "properties": { "speed": 2.217587, "dir": 132, "AM_dir": 222, "QGIS_dir": 312 }, "geometry": { "type": "Point", "coordinates": [ -12723723.35956588, 5775799.9026572257 ] } },
{ "type": "Feature", "properties": { "speed": 0.876186, "dir": 142, "AM_dir": 232, "QGIS_dir": 322 }, "geometry": { "type": "Point", "coordinates": [ -12707568.725429403, 5775235.4151322329 ] } },
{ "type": "Feature", "properties": { "speed": 0.984946, "dir": 237, "AM_dir": 327, "QGIS_dir": 57 }, "geometry": { "type": "Point", "coordinates": [ -12691417.179369379, 5774641.4928627713 ] } },
{ "type": "Feature", "properties": { "speed": 2.000836, "dir": 256, "AM_dir": 346, "QGIS_dir": 76 }, "geometry": { "type": "Point", "coordinates": [ -12675268.877691841, 5774018.1568127507 ] } },
{ "type": "Feature", "properties": { "speed": 2.463332, "dir": 262, "AM_dir": 352, "QGIS_dir": 82 }, "geometry": { "type": "Point", "coordinates": [ -12659123.976503517, 5773365.428973618 ] } },
{ "type": "Feature", "properties": { "speed": 2.289572, "dir": 265, "AM_dir": 355, "QGIS_dir": 85 }, "geometry": { "type": "Point", "coordinates": [ -12642982.631702388, 5772683.332361999 ] } },
{ "type": "Feature", "properties": { "speed": 1.867753, "dir": 259, "AM_dir": 349, "QGIS_dir": 79 }, "geometry": { "type": "Point", "coordinates": [ -12626844.99896828, 5771971.8910172898 ] } },
{ "type": "Feature", "properties": { "speed": 1.783978, "dir": 120, "AM_dir": 210, "QGIS_dir": 300 }, "geometry": { "type": "Point", "coordinates": [ -12804135.328474695, 5794416.2892360538 ] } },
{ "type": "Feature", "properties": { "speed": 1.861035, "dir": 145, "AM_dir": 235, "QGIS_dir": 325 }, "geometry": { "type": "Point", "coordinates": [ -12787938.090311108, 5793997.0188367516 ] } },
{ "type": "Feature", "properties": { "speed": 2.274185, "dir": 150, "AM_dir": 240, "QGIS_dir": 330 }, "geometry": { "type": "Point", "coordinates": [ -12771743.171362659, 5793548.0664446531 ] } },
{ "type": "Feature", "properties": { "speed": 2.563512, "dir": 142, "AM_dir": 232, "QGIS_dir": 322 }, "geometry": { "type": "Point", "coordinates": [ -12755550.729830861, 5793069.4480026979 ] } },
{ "type": "Feature", "properties": { "speed": 2.297484, "dir": 131, "AM_dir": 221, "QGIS_dir": 311 }, "geometry": { "type": "Point", "coordinates": [ -12739360.923763866, 5792561.1805009972 ] } },
{ "type": "Feature", "properties": { "speed": 0.973582, "dir": 148, "AM_dir": 238, "QGIS_dir": 328 }, "geometry": { "type": "Point", "coordinates": [ -12723173.911046758, 5792023.2819750514 ] } },
{ "type": "Feature", "properties": { "speed": 1.171224, "dir": 235, "AM_dir": 325, "QGIS_dir": 55 }, "geometry": { "type": "Point", "coordinates": [ -12706989.849391898, 5791455.7715037987 ] } },
{ "type": "Feature", "properties": { "speed": 2.095873, "dir": 259, "AM_dir": 349, "QGIS_dir": 79 }, "geometry": { "type": "Point", "coordinates": [ -12690808.896329254, 5790858.6692076083 ] } },
{ "type": "Feature", "properties": { "speed": 2.415951, "dir": 268, "AM_dir": 358, "QGIS_dir": 88 }, "geometry": { "type": "Point", "coordinates": [ -12674631.209196802, 5790231.9962461432 ] } },
{ "type": "Feature", "properties": { "speed": 2.183100, "dir": 277, "AM_dir": 7, "QGIS_dir": 97 }, "geometry": { "type": "Point", "coordinates": [ -12658456.945130933, 5789575.774816094 ] } },
{ "type": "Feature", "properties": { "speed": 2.183100, "dir": 277, "AM_dir": 7, "QGIS_dir": 97 }, "geometry": { "type": "Point", "coordinates": [ -12642286.261056907, 5788890.0281488327 ] } },
{ "type": "Feature", "properties": { "speed": 1.867753, "dir": 259, "AM_dir": 349, "QGIS_dir": 79 }, "geometry": { "type": "Point", "coordinates": [ -12626119.313679321, 5788174.7805079669 ] } },
{ "type": "Feature", "properties": { "speed": 1.469358, "dir": 224, "AM_dir": 314, "QGIS_dir": 44 }, "geometry": { "type": "Point", "coordinates": [ -12609956.259472637, 5787430.0571867377 ] } },
{ "type": "Feature", "properties": { "speed": 2.034473, "dir": 179, "AM_dir": 269, "QGIS_dir": 359 }, "geometry": { "type": "Point", "coordinates": [ -12593797.254671728, 5786655.8845053706 ] } },
{ "type": "Feature", "properties": { "speed": 3.105424, "dir": 163, "AM_dir": 253, "QGIS_dir": 343 }, "geometry": { "type": "Point", "coordinates": [ -12577642.455262477, 5785852.2898082733 ] } },
{ "type": "Feature", "properties": { "speed": 3.804631, "dir": 162, "AM_dir": 252, "QGIS_dir": 342 }, "geometry": { "type": "Point", "coordinates": [ -12561492.016972395, 5785019.3014611602 ] } },
{ "type": "Feature", "properties": { "speed": 3.859196, "dir": 168, "AM_dir": 258, "QGIS_dir": 348 }, "geometry": { "type": "Point", "coordinates": [ -12545346.095261307, 5784156.9488480482 ] } },
{ "type": "Feature", "properties": { "speed": 1.994770, "dir": 132, "AM_dir": 222, "QGIS_dir": 312 }, "geometry": { "type": "Point", "coordinates": [ -12803731.128127307, 5810681.9250656608 ] } },
{ "type": "Feature", "properties": { "speed": 2.071577, "dir": 147, "AM_dir": 237, "QGIS_dir": 327 }, "geometry": { "type": "Point", "coordinates": [ -12787504.21707128, 5810260.4048540723 ] } },
{ "type": "Feature", "properties": { "speed": 2.404606, "dir": 150, "AM_dir": 240, "QGIS_dir": 330 }, "geometry": { "type": "Point", "coordinates": [ -12771279.64069961, 5809809.0436872654 ] } },
{ "type": "Feature", "properties": { "speed": 2.625624, "dir": 144, "AM_dir": 234, "QGIS_dir": 324 }, "geometry": { "type": "Point", "coordinates": [ -12755057.558265271, 5809327.8576575629 ] } },
{ "type": "Feature", "properties": { "speed": 2.277143, "dir": 135, "AM_dir": 225, "QGIS_dir": 315 }, "geometry": { "type": "Point", "coordinates": [ -12738838.12886611, 5808816.8639142606 ] } },
{ "type": "Feature", "properties": { "speed": 0.948941, "dir": 137, "AM_dir": 227, "QGIS_dir": 317 }, "geometry": { "type": "Point", "coordinates": [ -12722621.511435041, 5808276.0806617569 ] } },
{ "type": "Feature", "properties": { "speed": 1.068049, "dir": 254, "AM_dir": 344, "QGIS_dir": 74 }, "geometry": { "type": "Point", "coordinates": [ -12706407.864730246, 5807705.5271576308 ] } },
{ "type": "Feature", "properties": { "speed": 2.057294, "dir": 271, "AM_dir": 1, "QGIS_dir": 91 }, "geometry": { "type": "Point", "coordinates": [ -12690197.34732544, 5807105.2237105649 ] } },
{ "type": "Feature", "properties": { "speed": 2.264015, "dir": 274, "AM_dir": 4, "QGIS_dir": 94 }, "geometry": { "type": "Point", "coordinates": [ -12673990.117600136, 5806475.1916782055 ] } },
{ "type": "Feature", "properties": { "speed": 1.753310, "dir": 276, "AM_dir": 6, "QGIS_dir": 96 }, "geometry": { "type": "Point", "coordinates": [ -12657786.333729941, 5805815.4534648489 ] } },
{ "type": "Feature", "properties": { "speed": 1.461771, "dir": 276, "AM_dir": 6, "QGIS_dir": 96 }, "geometry": { "type": "Point", "coordinates": [ -12641586.153676912, 5805126.0325190872 ] } },
{ "type": "Feature", "properties": { "speed": 1.259396, "dir": 245, "AM_dir": 335, "QGIS_dir": 65 }, "geometry": { "type": "Point", "coordinates": [ -12625389.73517992, 5804406.9533312814 ] } },
{ "type": "Feature", "properties": { "speed": 1.837487, "dir": 184, "AM_dir": 274, "QGIS_dir": 4 }, "geometry": { "type": "Point", "coordinates": [ -12609197.23574505, 5803658.2414309774 ] } },
{ "type": "Feature", "properties": { "speed": 3.267010, "dir": 168, "AM_dir": 258, "QGIS_dir": 348 }, "geometry": { "type": "Point", "coordinates": [ -12593008.812636066, 5802879.9233841803 ] } },
{ "type": "Feature", "properties": { "speed": 4.214496, "dir": 169, "AM_dir": 259, "QGIS_dir": 349 }, "geometry": { "type": "Point", "coordinates": [ -12576824.622864878, 5802072.0267905388 ] } },
{ "type": "Feature", "properties": { "speed": 4.162030, "dir": 178, "AM_dir": 268, "QGIS_dir": 358 }, "geometry": { "type": "Point", "coordinates": [ -12560644.82318208, 5801234.5802804176 ] } },
{ "type": "Feature", "properties": { "speed": 1.677205, "dir": 137, "AM_dir": 227, "QGIS_dir": 317 }, "geometry": { "type": "Point", "coordinates": [ -12803324.752471264, 5826977.2238436425 ] } },
{ "type": "Feature", "properties": { "speed": 1.802455, "dir": 150, "AM_dir": 240, "QGIS_dir": 330 }, "geometry": { "type": "Point", "coordinates": [ -12787068.009122884, 5826553.4388111206 ] } },
{ "type": "Feature", "properties": { "speed": 2.130071, "dir": 154, "AM_dir": 244, "QGIS_dir": 334 }, "geometry": { "type": "Point", "coordinates": [ -12770813.616073385, 5826099.6528040404 ] } },
{ "type": "Feature", "properties": { "speed": 2.471549, "dir": 151, "AM_dir": 241, "QGIS_dir": 331 }, "geometry": { "type": "Point", "coordinates": [ -12754561.733637027, 5825615.8820658457 ] } },
{ "type": "Feature", "properties": { "speed": 2.370721, "dir": 144, "AM_dir": 234, "QGIS_dir": 324 }, "geometry": { "type": "Point", "coordinates": [ -12738312.521971175, 5825102.1439068271 ] } },
{ "type": "Feature", "properties": { "speed": 1.361117, "dir": 138, "AM_dir": 228, "QGIS_dir": 318 }, "geometry": { "type": "Point", "coordinates": [ -12722066.141066343, 5824558.4567022463 ] } },
{ "type": "Feature", "properties": { "speed": 0.815862, "dir": 280, "AM_dir": 10, "QGIS_dir": 100 }, "geometry": { "type": "Point", "coordinates": [ -12705822.750736305, 5823984.8398903525 ] } },
{ "type": "Feature", "properties": { "speed": 1.945325, "dir": 287, "AM_dir": 17, "QGIS_dir": 107 }, "geometry": { "type": "Point", "coordinates": [ -12689582.510608247, 5823381.313970333 ] } },
{ "type": "Feature", "properties": { "speed": 2.120917, "dir": 284, "AM_dir": 14, "QGIS_dir": 104 }, "geometry": { "type": "Point", "coordinates": [ -12673345.580112908, 5822747.9005000759 ] } },
{ "type": "Feature", "properties": { "speed": 1.346128, "dir": 275, "AM_dir": 5, "QGIS_dir": 95 }, "geometry": { "type": "Point", "coordinates": [ -12657112.118474791, 5822084.6220938815 ] } },
{ "type": "Feature", "properties": { "speed": 0.716290, "dir": 267, "AM_dir": 357, "QGIS_dir": 87 }, "geometry": { "type": "Point", "coordinates": [ -12640882.284702377, 5821391.5024200324 ] } },
{ "type": "Feature", "properties": { "speed": 1.003612, "dir": 253, "AM_dir": 343, "QGIS_dir": 73 }, "geometry": { "type": "Point", "coordinates": [ -12624656.237578401, 5820668.5661982736 ] } },
{ "type": "Feature", "properties": { "speed": 1.453871, "dir": 183, "AM_dir": 273, "QGIS_dir": 3 }, "geometry": { "type": "Point", "coordinates": [ -12608434.135650143, 5819915.8391971467 ] } },
{ "type": "Feature", "properties": { "speed": 3.026630, "dir": 167, "AM_dir": 257, "QGIS_dir": 347 }, "geometry": { "type": "Point", "coordinates": [ -12592216.137219768, 5819133.3482312644 ] } },
{ "type": "Feature", "properties": { "speed": 4.228170, "dir": 170, "AM_dir": 260, "QGIS_dir": 350 }, "geometry": { "type": "Point", "coordinates": [ -12576002.400334708, 5818321.1211584434 ] } },
{ "type": "Feature", "properties": { "speed": 4.203846, "dir": 180, "AM_dir": 270, "QGIS_dir": 0 }, "geometry": { "type": "Point", "coordinates": [ -12559793.082778072, 5817479.1868767198 ] } },
{ "type": "Feature", "properties": { "speed": 1.247976, "dir": 126, "AM_dir": 216, "QGIS_dir": 306 }, "geometry": { "type": "Point", "coordinates": [ -12802916.186954753, 5843302.3454095507 ] } },
{ "type": "Feature", "properties": { "speed": 1.314939, "dir": 145, "AM_dir": 235, "QGIS_dir": 325 }, "geometry": { "type": "Point", "coordinates": [ -12786629.450851122, 5842876.2804062702 ] } },
{ "type": "Feature", "properties": { "speed": 1.600253, "dir": 155, "AM_dir": 245, "QGIS_dir": 335 }, "geometry": { "type": "Point", "coordinates": [ -12770345.080807867, 5842420.0533422753 ] } },
{ "type": "Feature", "properties": { "speed": 2.030049, "dir": 155, "AM_dir": 245, "QGIS_dir": 335 }, "geometry": { "type": "Point", "coordinates": [ -12754063.238210497, 5841933.6806138791 ] } },
{ "type": "Feature", "properties": { "speed": 2.339496, "dir": 144, "AM_dir": 234, "QGIS_dir": 324 }, "geometry": { "type": "Point", "coordinates": [ -12737784.084285798, 5841417.179694226 ] } },
{ "type": "Feature", "properties": { "speed": 1.361117, "dir": 138, "AM_dir": 228, "QGIS_dir": 318 }, "geometry": { "type": "Point", "coordinates": [ -12721507.78009179, 5840870.5691313976 ] } },
{ "type": "Feature", "properties": { "speed": 0.250102, "dir": 297, "AM_dir": 27, "QGIS_dir": 117 }, "geometry": { "type": "Point", "coordinates": [ -12705234.486507716, 5840293.8685464216 ] } },
{ "type": "Feature", "properties": { "speed": 1.576305, "dir": 305, "AM_dir": 35, "QGIS_dir": 125 }, "geometry": { "type": "Point", "coordinates": [ -12688964.364224061, 5839687.0986311585 ] } },
{ "type": "Feature", "properties": { "speed": 1.942343, "dir": 303, "AM_dir": 33, "QGIS_dir": 123 }, "geometry": { "type": "Point", "coordinates": [ -12672697.573732611, 5839050.2811460607 ] } },
{ "type": "Feature", "properties": { "speed": 0.986742, "dir": 303, "AM_dir": 33, "QGIS_dir": 123 }, "geometry": { "type": "Point", "coordinates": [ -12656434.275316525, 5838383.4389178455 ] } },
{ "type": "Feature", "properties": { "speed": 0.442052, "dir": 66, "AM_dir": 156, "QGIS_dir": 246 }, "geometry": { "type": "Point", "coordinates": [ -12640174.629040461, 5837686.5958370194 ] } },
{ "type": "Feature", "properties": { "speed": 0.204535, "dir": 230, "AM_dir": 320, "QGIS_dir": 50 }, "geometry": { "type": "Point", "coordinates": [ -12623918.794740722, 5836959.7768553421 ] } },
{ "type": "Feature", "properties": { "speed": 1.073106, "dir": 144, "AM_dir": 234, "QGIS_dir": 324 }, "geometry": { "type": "Point", "coordinates": [ -12607666.932015447, 5836203.0079831099 ] } },
{ "type": "Feature", "properties": { "speed": 2.535029, "dir": 150, "AM_dir": 240, "QGIS_dir": 330 }, "geometry": { "type": "Point", "coordinates": [ -12591419.200214839, 5835416.316286399 ] } },
{ "type": "Feature", "properties": { "speed": 3.847817, "dir": 160, "AM_dir": 250, "QGIS_dir": 340 }, "geometry": { "type": "Point", "coordinates": [ -12575175.758431433, 5834599.7298841383 ] } },
{ "type": "Feature", "properties": { "speed": 3.980572, "dir": 174, "AM_dir": 264, "QGIS_dir": 354 }, "geometry": { "type": "Point", "coordinates": [ -12558936.765490413, 5833753.2779451357 ] } },
{ "type": "Feature", "properties": { "speed": 1.346245, "dir": 105, "AM_dir": 195, "QGIS_dir": 285 }, "geometry": { "type": "Point", "coordinates": [ -12802505.416888956, 5859657.4506720109 ] } },
{ "type": "Feature", "properties": { "speed": 1.271667, "dir": 124, "AM_dir": 214, "QGIS_dir": 304 }, "geometry": { "type": "Point", "coordinates": [ -12786188.526494214, 5859229.0904053431 ] } },
{ "type": "Feature", "properties": { "speed": 1.379853, "dir": 140, "AM_dir": 230, "QGIS_dir": 320 }, "geometry": { "type": "Point", "coordinates": [ -12769874.018070016, 5858770.4059149772 ] } },
{ "type": "Feature", "properties": { "speed": 1.637707, "dir": 141, "AM_dir": 231, "QGIS_dir": 321 }, "geometry": { "type": "Point", "coordinates": [ -12753562.054083183, 5858281.4137518583 ] } },
{ "type": "Feature", "properties": { "speed": 2.142007, "dir": 130, "AM_dir": 220, "QGIS_dir": 310 }, "geometry": { "type": "Point", "coordinates": [ -12737252.796839966, 5857762.1315538641 ] } },
{ "type": "Feature", "properties": { "speed": 1.915047, "dir": 133, "AM_dir": 223, "QGIS_dir": 313 }, "geometry": { "type": "Point", "coordinates": [ -12720946.408475894, 5857212.5780439069 ] } },
{ "type": "Feature", "properties": { "speed": 0.738255, "dir": 104, "AM_dir": 194, "QGIS_dir": 284 }, "geometry": { "type": "Point", "coordinates": [ -12704643.050945662, 5856632.7730278885 ] } },
{ "type": "Feature", "properties": { "speed": 0.957871, "dir": 349, "AM_dir": 79, "QGIS_dir": 169 }, "geometry": { "type": "Point", "coordinates": [ -12688342.886013009, 5856022.7373925857 ] } },
{ "type": "Feature", "properties": { "speed": 1.658682, "dir": 339, "AM_dir": 69, "QGIS_dir": 159 }, "geometry": { "type": "Point", "coordinates": [ -12672046.075240685, 5855382.4931033459 ] } },
{ "type": "Feature", "properties": { "speed": 1.270519, "dir": 9, "AM_dir": 99, "QGIS_dir": 189 }, "geometry": { "type": "Point", "coordinates": [ -12655752.779980399, 5854712.0632017525 ] } },
{ "type": "Feature", "properties": { "speed": 1.826813, "dir": 73, "AM_dir": 163, "QGIS_dir": 253 }, "geometry": { "type": "Point", "coordinates": [ -12639463.161362832, 5854011.471803111 ] } },
{ "type": "Feature", "properties": { "speed": 1.277732, "dir": 87, "AM_dir": 177, "QGIS_dir": 267 }, "geometry": { "type": "Point", "coordinates": [ -12623177.380287673, 5853280.7440938558 ] } },
{ "type": "Feature", "properties": { "speed": 2.019145, "dir": 103, "AM_dir": 193, "QGIS_dir": 283 }, "geometry": { "type": "Point", "coordinates": [ -12606895.5974137, 5852519.9063288346 ] } },
{ "type": "Feature", "properties": { "speed": 2.804067, "dir": 124, "AM_dir": 214, "QGIS_dir": 304 }, "geometry": { "type": "Point", "coordinates": [ -12590617.973148894, 5851728.985828476 ] } },
{ "type": "Feature", "properties": { "speed": 3.678931, "dir": 145, "AM_dir": 235, "QGIS_dir": 325 }, "geometry": { "type": "Point", "coordinates": [ -12574344.667640595, 5850908.0109758461 ] } },
{ "type": "Feature", "properties": { "speed": 3.847249, "dir": 162, "AM_dir": 252, "QGIS_dir": 342 }, "geometry": { "type": "Point", "coordinates": [ -12558075.840765707, 5850057.0112136137 ] } },
{ "type": "Feature", "properties": { "speed": 2.322938, "dir": 97, "AM_dir": 187, "QGIS_dir": 277 }, "geometry": { "type": "Point", "coordinates": [ -12818441.869071893, 5876442.8695039172 ] } },
{ "type": "Feature", "properties": { "speed": 1.719223, "dir": 108, "AM_dir": 198, "QGIS_dir": 288 }, "geometry": { "type": "Point", "coordinates": [ -12802092.42744647, 5876042.7016188037 ] } },
{ "type": "Feature", "properties": { "speed": 1.701453, "dir": 115, "AM_dir": 205, "QGIS_dir": 295 }, "geometry": { "type": "Point", "coordinates": [ -12785745.220141705, 5875612.0306516653 ] } },
{ "type": "Feature", "properties": { "speed": 1.874071, "dir": 113, "AM_dir": 203, "QGIS_dir": 293 }, "geometry": { "type": "Point", "coordinates": [ -12769400.410868052, 5875150.872210877 ] } },
{ "type": "Feature", "properties": { "speed": 2.412980, "dir": 107, "AM_dir": 197, "QGIS_dir": 287 }, "geometry": { "type": "Point", "coordinates": [ -12753058.163183818, 5874659.2430038042 ] } },
{ "type": "Feature", "properties": { "speed": 2.803816, "dir": 101, "AM_dir": 191, "QGIS_dir": 281 }, "geometry": { "type": "Point", "coordinates": [ -12736718.640484873, 5874137.1608349839 ] } },
{ "type": "Feature", "properties": { "speed": 2.310971, "dir": 117, "AM_dir": 207, "QGIS_dir": 297 }, "geometry": { "type": "Point", "coordinates": [ -12720382.005994391, 5873584.6446041763 ] } },
{ "type": "Feature", "properties": { "speed": 1.843660, "dir": 96, "AM_dir": 186, "QGIS_dir": 276 }, "geometry": { "type": "Point", "coordinates": [ -12704048.422752596, 5873001.7143043103 ] } },
{ "type": "Feature", "properties": { "speed": 1.596124, "dir": 56, "AM_dir": 146, "QGIS_dir": 236 }, "geometry": { "type": "Point", "coordinates": [ -12687718.053606568, 5872388.3910193127 ] } },
{ "type": "Feature", "properties": { "speed": 1.939212, "dir": 31, "AM_dir": 121, "QGIS_dir": 211 }, "geometry": { "type": "Point", "coordinates": [ -12671391.061200041, 5871744.696921818 ] } },
{ "type": "Feature", "properties": { "speed": 2.203142, "dir": 48, "AM_dir": 138, "QGIS_dir": 228 }, "geometry": { "type": "Point", "coordinates": [ -12655067.607963281, 5871070.6552707572 ] } },
{ "type": "Feature", "properties": { "speed": 2.814389, "dir": 80, "AM_dir": 170, "QGIS_dir": 260 }, "geometry": { "type": "Point", "coordinates": [ -12638747.856102955, 5870366.2904088264 ] } },
{ "type": "Feature", "properties": { "speed": 2.707599, "dir": 90, "AM_dir": 180, "QGIS_dir": 270 }, "geometry": { "type": "Point", "coordinates": [ -12622431.96759207, 5869631.6277598571 ] } },
{ "type": "Feature", "properties": { "speed": 3.181397, "dir": 102, "AM_dir": 192, "QGIS_dir": 282 }, "geometry": { "type": "Point", "coordinates": [ -12606120.104159927, 5868866.6938260673 ] } },
{ "type": "Feature", "properties": { "speed": 3.383045, "dir": 118, "AM_dir": 208, "QGIS_dir": 298 }, "geometry": { "type": "Point", "coordinates": [ -12589812.427282138, 5868071.5161851766 ] } },
{ "type": "Feature", "properties": { "speed": 3.740808, "dir": 139, "AM_dir": 229, "QGIS_dir": 319 }, "geometry": { "type": "Point", "coordinates": [ -12573509.098170655, 5867246.1234874409 ] } },
{ "type": "Feature", "properties": { "speed": 3.905462, "dir": 156, "AM_dir": 246, "QGIS_dir": 336 }, "geometry": { "type": "Point", "coordinates": [ -12557210.277763875, 5866390.5454525445 ] } },
{ "type": "Feature", "properties": { "speed": 2.322938, "dir": 97, "AM_dir": 187, "QGIS_dir": 277 }, "geometry": { "type": "Point", "coordinates": [ -12818057.141016448, 5892860.591000759 ] } },
{ "type": "Feature", "properties": { "speed": 2.295430, "dir": 100, "AM_dir": 190, "QGIS_dir": 280 }, "geometry": { "type": "Point", "coordinates": [ -12801677.203659683, 5892458.2613269864 ] } },
{ "type": "Feature", "properties": { "speed": 2.402009, "dir": 99, "AM_dir": 189, "QGIS_dir": 279 }, "geometry": { "type": "Point", "coordinates": [ -12785299.515732737, 5892025.264076151 ] } },
{ "type": "Feature", "properties": { "speed": 2.658725, "dir": 97, "AM_dir": 187, "QGIS_dir": 277 }, "geometry": { "type": "Point", "coordinates": [ -12768924.24204961, 5891561.6150045041 ] } },
{ "type": "Feature", "properties": { "speed": 3.041627, "dir": 97, "AM_dir": 187, "QGIS_dir": 277 }, "geometry": { "type": "Point", "coordinates": [ -12752551.547270399, 5891067.3309776513 ] } },
{ "type": "Feature", "properties": { "speed": 3.262575, "dir": 99, "AM_dir": 189, "QGIS_dir": 279 }, "geometry": { "type": "Point", "coordinates": [ -12736181.595890861, 5890542.4299687129 ] } },
{ "type": "Feature", "properties": { "speed": 2.797763, "dir": 91, "AM_dir": 181, "QGIS_dir": 271 }, "geometry": { "type": "Point", "coordinates": [ -12719814.552232053, 5889986.9310563598 ] } },
{ "type": "Feature", "properties": { "speed": 2.682225, "dir": 77, "AM_dir": 167, "QGIS_dir": 257 }, "geometry": { "type": "Point", "coordinates": [ -12703450.580429958, 5889400.8544227118 ] } },
{ "type": "Feature", "properties": { "speed": 2.756572, "dir": 67, "AM_dir": 157, "QGIS_dir": 247 }, "geometry": { "type": "Point", "coordinates": [ -12687089.844425155, 5888784.2213511514 ] } },
{ "type": "Feature", "properties": { "speed": 3.057313, "dir": 72, "AM_dir": 162, "QGIS_dir": 252 }, "geometry": { "type": "Point", "coordinates": [ -12670732.507952532, 5888137.054223991 ] } },
{ "type": "Feature", "properties": { "speed": 3.337615, "dir": 87, "AM_dir": 177, "QGIS_dir": 267 }, "geometry": { "type": "Point", "coordinates": [ -12654378.734531015, 5887459.3765200265 ] } },
{ "type": "Feature", "properties": { "speed": 3.426788, "dir": 102, "AM_dir": 192, "QGIS_dir": 282 }, "geometry": { "type": "Point", "coordinates": [ -12638028.687453341, 5886751.2128119925 ] } },
{ "type": "Feature", "properties": { "speed": 3.555983, "dir": 111, "AM_dir": 201, "QGIS_dir": 291 }, "geometry": { "type": "Point", "coordinates": [ -12621682.529775875, 5886012.5887638684 ] } },
{ "type": "Feature", "properties": { "speed": 3.458352, "dir": 126, "AM_dir": 216, "QGIS_dir": 306 }, "geometry": { "type": "Point", "coordinates": [ -12605340.424308451, 5885243.5311280983 ] } },
{ "type": "Feature", "properties": { "speed": 3.502310, "dir": 144, "AM_dir": 234, "QGIS_dir": 324 }, "geometry": { "type": "Point", "coordinates": [ -12589002.533604266, 5884444.0677426774 ] } },
{ "type": "Feature", "properties": { "speed": 3.502310, "dir": 144, "AM_dir": 234, "QGIS_dir": 324 }, "geometry": { "type": "Point", "coordinates": [ -12572669.019949811, 5883614.2275281334 ] } },
{ "type": "Feature", "properties": { "speed": 3.695872, "dir": 159, "AM_dir": 249, "QGIS_dir": 339 }, "geometry": { "type": "Point", "coordinates": [ -12556340.045354847, 5882754.0404843809 ] } },
{ "type": "Feature", "properties": { "speed": 2.601010, "dir": 98, "AM_dir": 188, "QGIS_dir": 278 }, "geometry": { "type": "Point", "coordinates": [ -12817670.328466486, 5909308.800057359 ] } },
{ "type": "Feature", "properties": { "speed": 2.775221, "dir": 97, "AM_dir": 187, "QGIS_dir": 277 }, "geometry": { "type": "Point", "coordinates": [ -12801259.730419166, 5908904.2939731758 ] } },
{ "type": "Feature", "properties": { "speed": 2.992213, "dir": 96, "AM_dir": 186, "QGIS_dir": 276 }, "geometry": { "type": "Point", "coordinates": [ -12784851.3970543, 5908468.9547075918 ] } },
{ "type": "Feature", "properties": { "speed": 3.239269, "dir": 96, "AM_dir": 186, "QGIS_dir": 276 }, "geometry": { "type": "Point", "coordinates": [ -12768445.494299885, 5908002.7981664408 ] } },
{ "type": "Feature", "properties": { "speed": 3.352167, "dir": 101, "AM_dir": 191, "QGIS_dir": 281 }, "geometry": { "type": "Point", "coordinates": [ -12752042.187928203, 5907505.8413754273 ] } },
{ "type": "Feature", "properties": { "speed": 3.403961, "dir": 110, "AM_dir": 200, "QGIS_dir": 290 }, "geometry": { "type": "Point", "coordinates": [ -12735641.643545307, 5906978.102478222 ] } },
{ "type": "Feature", "properties": { "speed": 3.310308, "dir": 99, "AM_dir": 189, "QGIS_dir": 279 }, "geometry": { "type": "Point", "coordinates": [ -12719244.026580488, 5906419.6007344769 ] } },
{ "type": "Feature", "properties": { "speed": 3.310845, "dir": 97, "AM_dir": 187, "QGIS_dir": 277 }, "geometry": { "type": "Point", "coordinates": [ -12702849.502275821, 5905830.3565177135 ] } },
{ "type": "Feature", "properties": { "speed": 3.448258, "dir": 92, "AM_dir": 182, "QGIS_dir": 272 }, "geometry": { "type": "Point", "coordinates": [ -12686458.235675687, 5905210.3913130844 ] } },
{ "type": "Feature", "properties": { "speed": 3.737084, "dir": 91, "AM_dir": 181, "QGIS_dir": 271 }, "geometry": { "type": "Point", "coordinates": [ -12670070.391616387, 5904559.7277150257 ] } },
{ "type": "Feature", "properties": { "speed": 3.741842, "dir": 93, "AM_dir": 183, "QGIS_dir": 273 }, "geometry": { "type": "Point", "coordinates": [ -12653686.134715745, 5903878.3894247599 ] } },
{ "type": "Feature", "properties": { "speed": 3.483665, "dir": 98, "AM_dir": 188, "QGIS_dir": 278 }, "geometry": { "type": "Point", "coordinates": [ -12637305.629362762, 5903166.4012477202 ] } },
{ "type": "Feature", "properties": { "speed": 3.301691, "dir": 116, "AM_dir": 206, "QGIS_dir": 296 }, "geometry": { "type": "Point", "coordinates": [ -12620929.039707318, 5902423.7890908215 ] } },
{ "type": "Feature", "properties": { "speed": 3.059238, "dir": 131, "AM_dir": 221, "QGIS_dir": 311 }, "geometry": { "type": "Point", "coordinates": [ -12604556.529649893, 5901650.5799596496 ] } },
{ "type": "Feature", "properties": { "speed": 2.968325, "dir": 149, "AM_dir": 239, "QGIS_dir": 329 }, "geometry": { "type": "Point", "coordinates": [ -12588188.262831349, 5900846.8019554941 ] } },
{ "type": "Feature", "properties": { "speed": 3.264822, "dir": 167, "AM_dir": 257, "QGIS_dir": 347 }, "geometry": { "type": "Point", "coordinates": [ -12571824.40262275, 5900012.4842722751 ] } },
{ "type": "Feature", "properties": { "speed": 2.699831, "dir": 100, "AM_dir": 190, "QGIS_dir": 280 }, "geometry": { "type": "Point", "coordinates": [ -12817281.417284781, 5925787.6620993474 ] } },
{ "type": "Feature", "properties": { "speed": 2.997776, "dir": 100, "AM_dir": 190, "QGIS_dir": 280 }, "geometry": { "type": "Point", "coordinates": [ -12800839.99247201, 5925380.9648439558 ] } },
{ "type": "Feature", "properties": { "speed": 3.247033, "dir": 102, "AM_dir": 192, "QGIS_dir": 282 }, "geometry": { "type": "Point", "coordinates": [ -12784400.847739473, 5924943.2676829966 ] } },
{ "type": "Feature", "properties": { "speed": 3.383501, "dir": 106, "AM_dir": 196, "QGIS_dir": 286 }, "geometry": { "type": "Point", "coordinates": [ -12767964.150139725, 5924474.586673663 ] } },
{ "type": "Feature", "properties": { "speed": 3.391389, "dir": 116, "AM_dir": 206, "QGIS_dir": 296 }, "geometry": { "type": "Point", "coordinates": [ -12751530.066567788, 5923974.9390036007 ] } },
{ "type": "Feature", "properties": { "speed": 3.431224, "dir": 127, "AM_dir": 217, "QGIS_dir": 307 }, "geometry": { "type": "Point", "coordinates": [ -12735098.763750503, 5923444.3429890238 ] } },
{ "type": "Feature", "properties": { "speed": 3.471370, "dir": 116, "AM_dir": 206, "QGIS_dir": 296 }, "geometry": { "type": "Point", "coordinates": [ -12718670.408235887, 5922882.8180726925 ] } },
{ "type": "Feature", "properties": { "speed": 3.651737, "dir": 117, "AM_dir": 207, "QGIS_dir": 297 }, "geometry": { "type": "Point", "coordinates": [ -12702245.166382544, 5922290.3848217567 ] } },
{ "type": "Feature", "properties": { "speed": 3.909643, "dir": 113, "AM_dir": 203, "QGIS_dir": 293 }, "geometry": { "type": "Point", "coordinates": [ -12685823.204349089, 5921667.0649254955 ] } },
{ "type": "Feature", "properties": { "speed": 4.105577, "dir": 106, "AM_dir": 196, "QGIS_dir": 286 }, "geometry": { "type": "Point", "coordinates": [ -12669404.688083621, 5921012.881192931 ] } },
{ "type": "Feature", "properties": { "speed": 3.975179, "dir": 102, "AM_dir": 192, "QGIS_dir": 282 }, "geometry": { "type": "Point", "coordinates": [ -12652989.783313204, 5920327.8575503035 ] } },
{ "type": "Feature", "properties": { "speed": 3.567312, "dir": 102, "AM_dir": 192, "QGIS_dir": 282 }, "geometry": { "type": "Point", "coordinates": [ -12636578.655533418, 5919612.0190384723 ] } },
{ "type": "Feature", "properties": { "speed": 3.035304, "dir": 109, "AM_dir": 199, "QGIS_dir": 289 }, "geometry": { "type": "Point", "coordinates": [ -12620171.469997931, 5918865.3918101089 ] } },
{ "type": "Feature", "properties": { "speed": 2.626762, "dir": 128, "AM_dir": 218, "QGIS_dir": 308 }, "geometry": { "type": "Point", "coordinates": [ -12603768.391708104, 5918088.0031268848 ] } },
{ "type": "Feature", "properties": { "speed": 2.531427, "dir": 155, "AM_dir": 245, "QGIS_dir": 335 }, "geometry": { "type": "Point", "coordinates": [ -12587369.58540266, 5917279.8813564349 ] } },
{ "type": "Feature", "properties": { "speed": 3.107692, "dir": 180, "AM_dir": 270, "QGIS_dir": 360 }, "geometry": { "type": "Point", "coordinates": [ -12570975.215547374, 5916441.0559692793 ] } },
{ "type": "Feature", "properties": { "speed": 2.800343, "dir": 98, "AM_dir": 188, "QGIS_dir": 278 }, "geometry": { "type": "Point", "coordinates": [ -12816890.39319955, 5942297.3436744325 ] } },
{ "type": "Feature", "properties": { "speed": 3.087462, "dir": 104, "AM_dir": 194, "QGIS_dir": 284 }, "geometry": { "type": "Point", "coordinates": [ -12800417.974420143, 5941888.4403463611 ] } },
{ "type": "Feature", "properties": { "speed": 3.273434, "dir": 112, "AM_dir": 202, "QGIS_dir": 292 }, "geometry": { "type": "Point", "coordinates": [ -12783947.851265606, 5941448.3692581141 ] } },
{ "type": "Feature", "properties": { "speed": 3.395338, "dir": 122, "AM_dir": 212, "QGIS_dir": 302 }, "geometry": { "type": "Point", "coordinates": [ -12767480.191923734, 5940977.1466199858 ] } },
{ "type": "Feature", "properties": { "speed": 3.434847, "dir": 133, "AM_dir": 223, "QGIS_dir": 313 }, "geometry": { "type": "Point", "coordinates": [ -12751015.164422942, 5940474.7897834843 ] } },
{ "type": "Feature", "properties": { "speed": 3.454330, "dir": 142, "AM_dir": 232, "QGIS_dir": 322 }, "geometry": { "type": "Point", "coordinates": [ -12734552.936621493, 5939941.3172393814 ] } },
{ "type": "Feature", "properties": { "speed": 3.526771, "dir": 135, "AM_dir": 225, "QGIS_dir": 315 }, "geometry": { "type": "Point", "coordinates": [ -12718093.676196732, 5939376.7486156812 ] } },
{ "type": "Feature", "properties": { "speed": 3.684930, "dir": 135, "AM_dir": 225, "QGIS_dir": 315 }, "geometry": { "type": "Point", "coordinates": [ -12701637.550634373, 5938781.1046754336 ] } },
{ "type": "Feature", "properties": { "speed": 3.926489, "dir": 129, "AM_dir": 219, "QGIS_dir": 309 }, "geometry": { "type": "Point", "coordinates": [ -12685184.727217797, 5938154.4073144263 ] } },
{ "type": "Feature", "properties": { "speed": 4.066518, "dir": 121, "AM_dir": 211, "QGIS_dir": 301 }, "geometry": { "type": "Point", "coordinates": [ -12668735.373017397, 5937496.67955878 ] } },
{ "type": "Feature", "properties": { "speed": 3.881518, "dir": 117, "AM_dir": 207, "QGIS_dir": 297 }, "geometry": { "type": "Point", "coordinates": [ -12652289.654879959, 5936807.9455623943 ] } },
{ "type": "Feature", "properties": { "speed": 3.567312, "dir": 102, "AM_dir": 192, "QGIS_dir": 282 }, "geometry": { "type": "Point", "coordinates": [ -12635847.739418073, 5936088.2306042686 ] } },
{ "type": "Feature", "properties": { "speed": 2.920357, "dir": 112, "AM_dir": 202, "QGIS_dir": 292 }, "geometry": { "type": "Point", "coordinates": [ -12619409.792999581, 5935337.5610857327 ] } },
{ "type": "Feature", "properties": { "speed": 2.486749, "dir": 138, "AM_dir": 228, "QGIS_dir": 318 }, "geometry": { "type": "Point", "coordinates": [ -12602975.981737081, 5934555.9645275073 ] } },
{ "type": "Feature", "properties": { "speed": 2.748077, "dir": 173, "AM_dir": 263, "QGIS_dir": 353 }, "geometry": { "type": "Point", "coordinates": [ -12586546.471477458, 5933743.4695666926 ] } },
{ "type": "Feature", "properties": { "speed": 3.639522, "dir": 195, "AM_dir": 285, "QGIS_dir": 15 }, "geometry": { "type": "Point", "coordinates": [ -12570121.427791473, 5932900.1059536189 ] } },
{ "type": "Feature", "properties": { "speed": 3.025890, "dir": 93, "AM_dir": 183, "QGIS_dir": 273 }, "geometry": { "type": "Point", "coordinates": [ -12816497.241802854, 5958838.0124630909 ] } },
{ "type": "Feature", "properties": { "speed": 3.157974, "dir": 104, "AM_dir": 194, "QGIS_dir": 284 }, "geometry": { "type": "Point", "coordinates": [ -12799993.660718651, 5958426.8880185569 ] } },
{ "type": "Feature", "properties": { "speed": 3.191316, "dir": 116, "AM_dir": 206, "QGIS_dir": 296 }, "geometry": { "type": "Point", "coordinates": [ -12783492.390952522, 5957984.4268180113 ] } },
{ "type": "Feature", "properties": { "speed": 3.293994, "dir": 129, "AM_dir": 219, "QGIS_dir": 309 }, "geometry": { "type": "Point", "coordinates": [ -12766993.601838313, 5957510.6452266704 ] } },
{ "type": "Feature", "properties": { "speed": 3.355056, "dir": 137, "AM_dir": 227, "QGIS_dir": 317 }, "geometry": { "type": "Point", "coordinates": [ -12750497.462548623, 5957005.5607618093 ] } },
{ "type": "Feature", "properties": { "speed": 3.283486, "dir": 144, "AM_dir": 234, "QGIS_dir": 324 }, "geometry": { "type": "Point", "coordinates": [ -12734004.142083889, 5956469.1920908298 ] } },
{ "type": "Feature", "properties": { "speed": 3.461332, "dir": 147, "AM_dir": 237, "QGIS_dir": 327 }, "geometry": { "type": "Point", "coordinates": [ -12717513.809261512, 5955901.5590291331 ] } },
{ "type": "Feature", "properties": { "speed": 3.498982, "dir": 148, "AM_dir": 238, "QGIS_dir": 328 }, "geometry": { "type": "Point", "coordinates": [ -12701026.632705007, 5955302.6825379636 ] } },
{ "type": "Feature", "properties": { "speed": 3.676736, "dir": 143, "AM_dir": 233, "QGIS_dir": 323 }, "geometry": { "type": "Point", "coordinates": [ -12684542.780833181, 5954672.5847220533 ] } },
{ "type": "Feature", "properties": { "speed": 3.850287, "dir": 139, "AM_dir": 229, "QGIS_dir": 319 }, "geometry": { "type": "Point", "coordinates": [ -12668062.421849361, 5954011.2888271566 ] } },
{ "type": "Feature", "properties": { "speed": 3.624361, "dir": 137, "AM_dir": 227, "QGIS_dir": 317 }, "geometry": { "type": "Point", "coordinates": [ -12651585.723730631, 5953318.8192374883 ] } },
{ "type": "Feature", "properties": { "speed": 3.354579, "dir": 119, "AM_dir": 209, "QGIS_dir": 299 }, "geometry": { "type": "Point", "coordinates": [ -12635112.854217144, 5952595.2014730023 ] } },
{ "type": "Feature", "properties": { "speed": 2.767522, "dir": 135, "AM_dir": 225, "QGIS_dir": 315 }, "geometry": { "type": "Point", "coordinates": [ -12618643.980801435, 5951840.4621865619 ] } },
{ "type": "Feature", "properties": { "speed": 2.750004, "dir": 167, "AM_dir": 257, "QGIS_dir": 347 }, "geometry": { "type": "Point", "coordinates": [ -12602179.270717807, 5951054.6291609881 ] } },
{ "type": "Feature", "properties": { "speed": 3.497631, "dir": 194, "AM_dir": 284, "QGIS_dir": 14 }, "geometry": { "type": "Point", "coordinates": [ -12585718.890931739, 5950237.731306 ] } },
{ "type": "Feature", "properties": { "speed": 4.320018, "dir": 207, "AM_dir": 297, "QGIS_dir": 27 }, "geometry": { "type": "Point", "coordinates": [ -12569263.008129347, 5949389.79865498 ] } },
{ "type": "Feature", "properties": { "speed": 3.589852, "dir": 94, "AM_dir": 184, "QGIS_dir": 274 }, "geometry": { "type": "Point", "coordinates": [ -12832639.017942682, 5975791.675777127 ] } },
{ "type": "Feature", "properties": { "speed": 3.269906, "dir": 100, "AM_dir": 190, "QGIS_dir": 280 }, "geometry": { "type": "Point", "coordinates": [ -12816101.948549021, 5975409.8372893361 ] } },
{ "type": "Feature", "properties": { "speed": 3.121117, "dir": 110, "AM_dir": 200, "QGIS_dir": 290 }, "geometry": { "type": "Point", "coordinates": [ -12799567.035674036, 5974996.4765405515 ] } },
{ "type": "Feature", "properties": { "speed": 3.063472, "dir": 119, "AM_dir": 209, "QGIS_dir": 299 }, "geometry": { "type": "Point", "coordinates": [ -12783034.449960651, 5974551.608887827 ] } },
{ "type": "Feature", "properties": { "speed": 3.133445, "dir": 125, "AM_dir": 215, "QGIS_dir": 305 }, "geometry": { "type": "Point", "coordinates": [ -12766504.361899698, 5974075.250853112 ] } },
{ "type": "Feature", "properties": { "speed": 2.974685, "dir": 133, "AM_dir": 223, "QGIS_dir": 313 }, "geometry": { "type": "Point", "coordinates": [ -12749976.941818865, 5973567.4201214146 ] } },
{ "type": "Feature", "properties": { "speed": 2.759952, "dir": 147, "AM_dir": 237, "QGIS_dir": 327 }, "geometry": { "type": "Point", "coordinates": [ -12733452.359871652, 5973028.1355388174 ] } },
{ "type": "Feature", "properties": { "speed": 3.181362, "dir": 155, "AM_dir": 245, "QGIS_dir": 335 }, "geometry": { "type": "Point", "coordinates": [ -12716930.786026362, 5972457.4171103481 ] } },
{ "type": "Feature", "properties": { "speed": 3.373932, "dir": 156, "AM_dir": 246, "QGIS_dir": 336 }, "geometry": { "type": "Point", "coordinates": [ -12700412.390055135, 5971855.2859977698 ] } },
{ "type": "Feature", "properties": { "speed": 3.505883, "dir": 157, "AM_dir": 247, "QGIS_dir": 337 }, "geometry": { "type": "Point", "coordinates": [ -12683897.341522988, 5971221.7645171992 ] } },
{ "type": "Feature", "properties": { "speed": 3.505883, "dir": 157, "AM_dir": 247, "QGIS_dir": 337 }, "geometry": { "type": "Point", "coordinates": [ -12667385.809776926, 5970556.8761366243 ] } },
{ "type": "Feature", "properties": { "speed": 3.344616, "dir": 162, "AM_dir": 252, "QGIS_dir": 342 }, "geometry": { "type": "Point", "coordinates": [ -12650877.963935057, 5969860.6454732632 ] } },
{ "type": "Feature", "properties": { "speed": 3.188127, "dir": 146, "AM_dir": 236, "QGIS_dir": 326 }, "geometry": { "type": "Point", "coordinates": [ -12634373.972875761, 5969133.0982908551 ] } },
{ "type": "Feature", "properties": { "speed": 2.956239, "dir": 167, "AM_dir": 257, "QGIS_dir": 347 }, "geometry": { "type": "Point", "coordinates": [ -12617874.005226908, 5968374.2614967497 ] } },
{ "type": "Feature", "properties": { "speed": 3.368346, "dir": 193, "AM_dir": 283, "QGIS_dir": 13 }, "geometry": { "type": "Point", "coordinates": [ -12601378.229355086, 5967584.1631389437 ] } },
{ "type": "Feature", "properties": { "speed": 4.063292, "dir": 209, "AM_dir": 299, "QGIS_dir": 29 }, "geometry": { "type": "Point", "coordinates": [ -12584886.813354917, 5966762.8324029436 ] } },
{ "type": "Feature", "properties": { "speed": 4.468303, "dir": 216, "AM_dir": 306, "QGIS_dir": 36 }, "geometry": { "type": "Point", "coordinates": [ -12568399.925038388, 5965910.2996085314 ] } },
{ "type": "Feature", "properties": { "speed": 3.593860, "dir": 102, "AM_dir": 192, "QGIS_dir": 282 }, "geometry": { "type": "Point", "coordinates": [ -12832273.085407991, 5992396.9067986533 ] } },
{ "type": "Feature", "properties": { "speed": 3.433034, "dir": 98, "AM_dir": 188, "QGIS_dir": 278 }, "geometry": { "type": "Point", "coordinates": [ -12815704.498753013, 5992012.9881316284 ] } },
{ "type": "Feature", "properties": { "speed": 3.277831, "dir": 101, "AM_dir": 191, "QGIS_dir": 281 }, "geometry": { "type": "Point", "coordinates": [ -12799138.083442478, 5991597.3757451242 ] } },
{ "type": "Feature", "properties": { "speed": 3.295447, "dir": 102, "AM_dir": 192, "QGIS_dir": 282 }, "geometry": { "type": "Point", "coordinates": [ -12782574.011289159, 5991150.0851436323 ] } },
{ "type": "Feature", "properties": { "speed": 3.285052, "dir": 106, "AM_dir": 196, "QGIS_dir": 286 }, "geometry": { "type": "Point", "coordinates": [ -12766012.453951944, 5990671.1330076987 ] } },
{ "type": "Feature", "properties": { "speed": 2.811152, "dir": 117, "AM_dir": 207, "QGIS_dir": 297 }, "geometry": { "type": "Point", "coordinates": [ -12749453.582924645, 5990160.5371920345 ] } },
{ "type": "Feature", "properties": { "speed": 2.196663, "dir": 142, "AM_dir": 232, "QGIS_dir": 322 }, "geometry": { "type": "Point", "coordinates": [ -12732897.569524832, 5989618.3167235032 ] } },
{ "type": "Feature", "properties": { "speed": 2.758358, "dir": 163, "AM_dir": 253, "QGIS_dir": 343 }, "geometry": { "type": "Point", "coordinates": [ -12716344.584882692, 5989044.491799009 ] } },
{ "type": "Feature", "properties": { "speed": 3.007921, "dir": 175, "AM_dir": 265, "QGIS_dir": 355 }, "geometry": { "type": "Point", "coordinates": [ -12699794.79992993, 5988439.0837831898 ] } },
{ "type": "Feature", "properties": { "speed": 3.111593, "dir": 183, "AM_dir": 273, "QGIS_dir": 3 }, "geometry": { "type": "Point", "coordinates": [ -12683248.385388693, 5987802.1152060367 ] } },
{ "type": "Feature", "properties": { "speed": 3.140288, "dir": 193, "AM_dir": 283, "QGIS_dir": 13 }, "geometry": { "type": "Point", "coordinates": [ -12666705.511760537, 5987133.6097603776 ] } },
{ "type": "Feature", "properties": { "speed": 3.269440, "dir": 206, "AM_dir": 296, "QGIS_dir": 26 }, "geometry": { "type": "Point", "coordinates": [ -12650166.349315424, 5986433.5922991978 ] } },
{ "type": "Feature", "properties": { "speed": 3.276730, "dir": 196, "AM_dir": 286, "QGIS_dir": 16 }, "geometry": { "type": "Point", "coordinates": [ -12633631.06808077, 5985702.0888328627 ] } },
{ "type": "Feature", "properties": { "speed": 3.844917, "dir": 213, "AM_dir": 303, "QGIS_dir": 33 }, "geometry": { "type": "Point", "coordinates": [ -12617099.837830523, 5984939.1265262198 ] } },
{ "type": "Feature", "properties": { "speed": 4.271889, "dir": 223, "AM_dir": 313, "QGIS_dir": 43 }, "geometry": { "type": "Point", "coordinates": [ -12600572.828074286, 5984144.7336955424 ] } },
{ "type": "Feature", "properties": { "speed": 4.131715, "dir": 222, "AM_dir": 312, "QGIS_dir": 42 }, "geometry": { "type": "Point", "coordinates": [ -12584050.20804649, 5983318.9398053829 ] } },
{ "type": "Feature", "properties": { "speed": 3.498404, "dir": 113, "AM_dir": 203, "QGIS_dir": 293 }, "geometry": { "type": "Point", "coordinates": [ -12831905.153462389, 6009033.6492850641 ] } },
{ "type": "Feature", "properties": { "speed": 3.533172, "dir": 103, "AM_dir": 193, "QGIS_dir": 283 }, "geometry": { "type": "Point", "coordinates": [ -12815304.877588788, 6008647.6361339148 ] } },
{ "type": "Feature", "properties": { "speed": 3.540848, "dir": 102, "AM_dir": 192, "QGIS_dir": 282 }, "geometry": { "type": "Point", "coordinates": [ -12798706.788028063, 6008229.7566288086 ] } },
{ "type": "Feature", "properties": { "speed": 3.670768, "dir": 99, "AM_dir": 189, "QGIS_dir": 279 }, "geometry": { "type": "Point", "coordinates": [ -12782111.057774059, 6007780.0264234198 ] } },
{ "type": "Feature", "properties": { "speed": 3.523891, "dir": 100, "AM_dir": 190, "QGIS_dir": 280 }, "geometry": { "type": "Point", "coordinates": [ -12765517.859664913, 6007298.4623587504 ] } },
{ "type": "Feature", "properties": { "speed": 2.695875, "dir": 107, "AM_dir": 197, "QGIS_dir": 287 }, "geometry": { "type": "Point", "coordinates": [ -12748927.366371736, 6006785.0824612249 ] } },
{ "type": "Feature", "properties": { "speed": 1.471159, "dir": 137, "AM_dir": 227, "QGIS_dir": 317 }, "geometry": { "type": "Point", "coordinates": [ -12732339.750387298, 6006239.9059406482 ] } },
{ "type": "Feature", "properties": { "speed": 2.169192, "dir": 182, "AM_dir": 272, "QGIS_dir": 2 }, "geometry": { "type": "Point", "coordinates": [ -12715755.18401478, 6005662.9531880319 ] } },
{ "type": "Feature", "properties": { "speed": 2.789400, "dir": 207, "AM_dir": 297, "QGIS_dir": 27 }, "geometry": { "type": "Point", "coordinates": [ -12699173.83935653, 6005054.245773308 ] } },
{ "type": "Feature", "properties": { "speed": 3.215806, "dir": 218, "AM_dir": 308, "QGIS_dir": 38 }, "geometry": { "type": "Point", "coordinates": [ -12682595.888302855, 6004413.8064428596 ] } },
{ "type": "Feature", "properties": { "speed": 3.478254, "dir": 226, "AM_dir": 316, "QGIS_dir": 46 }, "geometry": { "type": "Point", "coordinates": [ -12666021.502520869, 6003741.6591170123 ] } },
{ "type": "Feature", "properties": { "speed": 3.810396, "dir": 232, "AM_dir": 322, "QGIS_dir": 52 }, "geometry": { "type": "Point", "coordinates": [ -12649450.85344336, 6003037.8288872875 ] } },
{ "type": "Feature", "properties": { "speed": 3.661941, "dir": 221, "AM_dir": 311, "QGIS_dir": 41 }, "geometry": { "type": "Point", "coordinates": [ -12632884.112257693, 6002302.3420136003 ] } },
{ "type": "Feature", "properties": { "speed": 4.232462, "dir": 231, "AM_dir": 321, "QGIS_dir": 51 }, "geometry": { "type": "Point", "coordinates": [ -12616321.449894786, 6001535.2259213189 ] } },
{ "type": "Feature", "properties": { "speed": 4.372838, "dir": 235, "AM_dir": 325, "QGIS_dir": 55 }, "geometry": { "type": "Point", "coordinates": [ -12599763.037018089, 6000736.5091981618 ] } },
{ "type": "Feature", "properties": { "speed": 3.731732, "dir": 226, "AM_dir": 316, "QGIS_dir": 46 }, "geometry": { "type": "Point", "coordinates": [ -12583209.044012632, 5999906.221591 ] } },
{ "type": "Feature", "properties": { "speed": 3.313132, "dir": 125, "AM_dir": 215, "QGIS_dir": 305 }, "geometry": { "type": "Point", "coordinates": [ -12831535.208319951, 6025702.0756947994 ] } },
{ "type": "Feature", "properties": { "speed": 3.502843, "dir": 115, "AM_dir": 205, "QGIS_dir": 295 }, "geometry": { "type": "Point", "coordinates": [ -12814903.07008763, 6025313.9536168035 ] } },
{ "type": "Feature", "properties": { "speed": 3.615983, "dir": 114, "AM_dir": 204, "QGIS_dir": 294 }, "geometry": { "type": "Point", "coordinates": [ -12798273.133280979, 6024893.7913630577 ] } },
{ "type": "Feature", "properties": { "speed": 3.751984, "dir": 111, "AM_dir": 201, "QGIS_dir": 291 }, "geometry": { "type": "Point", "coordinates": [ -12781645.572086267, 6024441.6047382047 ] } },
{ "type": "Feature", "properties": { "speed": 3.495215, "dir": 107, "AM_dir": 197, "QGIS_dir": 287 }, "geometry": { "type": "Point", "coordinates": [ -12765020.56053221, 6023957.4107456096 ] } },
{ "type": "Feature", "properties": { "speed": 2.554426, "dir": 107, "AM_dir": 197, "QGIS_dir": 287 }, "geometry": { "type": "Point", "coordinates": [ -12748398.272478508, 6023441.2275854461 ] } },
{ "type": "Feature", "properties": { "speed": 1.471159, "dir": 137, "AM_dir": 227, "QGIS_dir": 317 }, "geometry": { "type": "Point", "coordinates": [ -12731778.881604411, 6022893.074652615 ] } },
{ "type": "Feature", "properties": { "speed": 1.605347, "dir": 215, "AM_dir": 305, "QGIS_dir": 35 }, "geometry": { "type": "Point", "coordinates": [ -12715162.561397327, 6022312.972534555 ] } },
{ "type": "Feature", "properties": { "speed": 3.003384, "dir": 241, "AM_dir": 331, "QGIS_dir": 61 }, "geometry": { "type": "Point", "coordinates": [ -12698549.485141447, 6021700.943008896 ] } },
{ "type": "Feature", "properties": { "speed": 3.796444, "dir": 247, "AM_dir": 337, "QGIS_dir": 67 }, "geometry": { "type": "Point", "coordinates": [ -12681939.825906415, 6021057.0090410057 ] } },
{ "type": "Feature", "properties": { "speed": 4.194051, "dir": 248, "AM_dir": 338, "QGIS_dir": 68 }, "geometry": { "type": "Point", "coordinates": [ -12665333.756536027, 6020381.1947813695 ] } },
{ "type": "Feature", "properties": { "speed": 4.501941, "dir": 249, "AM_dir": 339, "QGIS_dir": 69 }, "geometry": { "type": "Point", "coordinates": [ -12648731.44963699, 6019673.5255628778 ] } },
{ "type": "Feature", "properties": { "speed": 4.249338, "dir": 240, "AM_dir": 330, "QGIS_dir": 60 }, "geometry": { "type": "Point", "coordinates": [ -12632133.077567676, 6018934.0278979531 ] } },
{ "type": "Feature", "properties": { "speed": 4.752772, "dir": 245, "AM_dir": 335, "QGIS_dir": 65 }, "geometry": { "type": "Point", "coordinates": [ -12615538.812426973, 6018162.7294755476 ] } },
{ "type": "Feature", "properties": { "speed": 4.671658, "dir": 245, "AM_dir": 335, "QGIS_dir": 65 }, "geometry": { "type": "Point", "coordinates": [ -12598948.826043146, 6017359.6591580296 ] } },
{ "type": "Feature", "properties": { "speed": 3.822153, "dir": 230, "AM_dir": 320, "QGIS_dir": 50 }, "geometry": { "type": "Point", "coordinates": [ -12582363.289962746, 6016524.8469779314 ] } },
{ "type": "Feature", "properties": { "speed": 3.004750, "dir": 135, "AM_dir": 225, "QGIS_dir": 315 }, "geometry": { "type": "Point", "coordinates": [ -12831163.236061756, 6042402.359675929 ] } },
{ "type": "Feature", "properties": { "speed": 3.388329, "dir": 129, "AM_dir": 219, "QGIS_dir": 309 }, "geometry": { "type": "Point", "coordinates": [ -12814499.06113646, 6042012.1140888454 ] } },
{ "type": "Feature", "properties": { "speed": 3.563014, "dir": 129, "AM_dir": 219, "QGIS_dir": 309 }, "geometry": { "type": "Point", "coordinates": [ -12797837.102895699, 6041589.6533055063 ] } },
{ "type": "Feature", "properties": { "speed": 3.668895, "dir": 126, "AM_dir": 216, "QGIS_dir": 306 }, "geometry": { "type": "Point", "coordinates": [ -12781177.536729662, 6041134.9932832941 ] } },
{ "type": "Feature", "properties": { "speed": 3.337797, "dir": 120, "AM_dir": 210, "QGIS_dir": 300 }, "geometry": { "type": "Point", "coordinates": [ -12764520.537869096, 6040648.1511898777 ] } },
{ "type": "Feature", "properties": { "speed": 2.493949, "dir": 114, "AM_dir": 204, "QGIS_dir": 294 }, "geometry": { "type": "Point", "coordinates": [ -12747866.281373724, 6040129.1454012347 ] } },
{ "type": "Feature", "properties": { "speed": 1.001550, "dir": 119, "AM_dir": 209, "QGIS_dir": 299 }, "geometry": { "type": "Point", "coordinates": [ -12731214.942120686, 6039577.9954995671 ] } },
{ "type": "Feature", "properties": { "speed": 1.181808, "dir": 255, "AM_dir": 345, "QGIS_dir": 75 }, "geometry": { "type": "Point", "coordinates": [ -12714566.694792977, 6038994.7222710671 ] } },
{ "type": "Feature", "properties": { "speed": 3.006618, "dir": 265, "AM_dir": 355, "QGIS_dir": 85 }, "geometry": { "type": "Point", "coordinates": [ -12697921.713867974, 6038379.347703536 ] } },
{ "type": "Feature", "properties": { "speed": 4.070107, "dir": 264, "AM_dir": 354, "QGIS_dir": 84 }, "geometry": { "type": "Point", "coordinates": [ -12681280.173605952, 6037731.89498391 ] } },
{ "type": "Feature", "properties": { "speed": 4.573884, "dir": 261, "AM_dir": 351, "QGIS_dir": 81 }, "geometry": { "type": "Point", "coordinates": [ -12664642.248038661, 6037052.3884955831 ] } },
{ "type": "Feature", "properties": { "speed": 4.881590, "dir": 259, "AM_dir": 349, "QGIS_dir": 79 }, "geometry": { "type": "Point", "coordinates": [ -12648008.110957935, 6036340.8538156655 ] } },
{ "type": "Feature", "properties": { "speed": 4.865552, "dir": 251, "AM_dir": 341, "QGIS_dir": 71 }, "geometry": { "type": "Point", "coordinates": [ -12631377.935904343, 6035597.3177120704 ] } },
{ "type": "Feature", "properties": { "speed": 5.265387, "dir": 254, "AM_dir": 344, "QGIS_dir": 74 }, "geometry": { "type": "Point", "coordinates": [ -12614751.896155883, 6034821.8081404651 ] } },
{ "type": "Feature", "properties": { "speed": 5.163045, "dir": 251, "AM_dir": 341, "QGIS_dir": 71 }, "geometry": { "type": "Point", "coordinates": [ -12598130.164716719, 6034014.354241115 ] } },
{ "type": "Feature", "properties": { "speed": 4.447856, "dir": 235, "AM_dir": 325, "QGIS_dir": 55 }, "geometry": { "type": "Point", "coordinates": [ -12581512.914305974, 6033174.986335583 ] } },
{ "type": "Feature", "properties": { "speed": 2.594934, "dir": 142, "AM_dir": 232, "QGIS_dir": 322 }, "geometry": { "type": "Point", "coordinates": [ -12847487.665128455, 6059494.6535818735 ] } },
{ "type": "Feature", "properties": { "speed": 2.642893, "dir": 148, "AM_dir": 238, "QGIS_dir": 328 }, "geometry": { "type": "Point", "coordinates": [ -12830789.222634323, 6059134.6760775438 ] } },
{ "type": "Feature", "properties": { "speed": 3.244720, "dir": 141, "AM_dir": 231, "QGIS_dir": 321 }, "geometry": { "type": "Point", "coordinates": [ -12814092.835476119, 6058742.2922579991 ] } },
{ "type": "Feature", "properties": { "speed": 3.244720, "dir": 141, "AM_dir": 231, "QGIS_dir": 321 }, "geometry": { "type": "Point", "coordinates": [ -12797398.680409133, 6058317.5170113891 ] } },
{ "type": "Feature", "properties": { "speed": 3.326420, "dir": 138, "AM_dir": 228, "QGIS_dir": 318 }, "geometry": { "type": "Point", "coordinates": [ -12780706.934039086, 6057860.3664496662 ] } },
{ "type": "Feature", "properties": { "speed": 3.039093, "dir": 133, "AM_dir": 223, "QGIS_dir": 313 }, "geometry": { "type": "Point", "coordinates": [ -12764017.772810366, 6057370.8579067523 ] } },
{ "type": "Feature", "properties": { "speed": 2.419391, "dir": 124, "AM_dir": 214, "QGIS_dir": 304 }, "geometry": { "type": "Point", "coordinates": [ -12747331.372994287, 6056849.0099365292 ] } },
{ "type": "Feature", "properties": { "speed": 1.145670, "dir": 102, "AM_dir": 192, "QGIS_dir": 282 }, "geometry": { "type": "Point", "coordinates": [ -12730647.910677398, 6056294.8423107276 ] } },
{ "type": "Feature", "properties": { "speed": 0.676526, "dir": 304, "AM_dir": 34, "QGIS_dir": 124 }, "geometry": { "type": "Point", "coordinates": [ -12713967.561749807, 6055708.3760166597 ] } },
{ "type": "Feature", "properties": { "speed": 2.441030, "dir": 284, "AM_dir": 14, "QGIS_dir": 104 }, "geometry": { "type": "Point", "coordinates": [ -12697290.501893532, 6055089.6332548065 ] } },
{ "type": "Feature", "properties": { "speed": 3.634794, "dir": 275, "AM_dir": 5, "QGIS_dir": 95 }, "geometry": { "type": "Point", "coordinates": [ -12680616.906570919, 6054438.6374362912 ] } },
{ "type": "Feature", "properties": { "speed": 4.340854, "dir": 268, "AM_dir": 358, "QGIS_dir": 88 }, "geometry": { "type": "Point", "coordinates": [ -12663946.951013062, 6053755.4131801929 ] } },
{ "type": "Feature", "properties": { "speed": 4.816049, "dir": 264, "AM_dir": 354, "QGIS_dir": 84 }, "geometry": { "type": "Point", "coordinates": [ -12647280.810208285, 6053039.9863107512 ] } },
{ "type": "Feature", "properties": { "speed": 5.193644, "dir": 258, "AM_dir": 348, "QGIS_dir": 78 }, "geometry": { "type": "Point", "coordinates": [ -12630618.658890653, 6052292.3838543892 ] } },
{ "type": "Feature", "properties": { "speed": 5.596829, "dir": 258, "AM_dir": 348, "QGIS_dir": 78 }, "geometry": { "type": "Point", "coordinates": [ -12613960.671528548, 6051512.6340366639 ] } },
{ "type": "Feature", "properties": { "speed": 5.674643, "dir": 255, "AM_dir": 345, "QGIS_dir": 75 }, "geometry": { "type": "Point", "coordinates": [ -12597307.02231326, 6050700.7662790399 ] } },
{ "type": "Feature", "properties": { "speed": 5.222398, "dir": 242, "AM_dir": 332, "QGIS_dir": 62 }, "geometry": { "type": "Point", "coordinates": [ -12580657.885147652, 6049856.8111955263 ] } },
{ "type": "Feature", "properties": { "speed": 2.228093, "dir": 141, "AM_dir": 231, "QGIS_dir": 321 }, "geometry": { "type": "Point", "coordinates": [ -12847143.99965947, 6076261.1539670015 ] } },
{ "type": "Feature", "properties": { "speed": 2.228006, "dir": 149, "AM_dir": 239, "QGIS_dir": 329 }, "geometry": { "type": "Point", "coordinates": [ -12830413.153848, 6075899.2009613849 ] } },
{ "type": "Feature", "properties": { "speed": 2.704192, "dir": 150, "AM_dir": 240, "QGIS_dir": 330 }, "geometry": { "type": "Point", "coordinates": [ -12813684.37769963, 6075504.6640431685 ] } },
{ "type": "Feature", "properties": { "speed": 2.757339, "dir": 149, "AM_dir": 239, "QGIS_dir": 329 }, "geometry": { "type": "Point", "coordinates": [ -12796957.849198744, 6075077.5582450712 ] } },
{ "type": "Feature", "properties": { "speed": 2.574013, "dir": 146, "AM_dir": 236, "QGIS_dir": 326 }, "geometry": { "type": "Point", "coordinates": [ -12780233.746178353, 6074617.8998354627 ] } },
{ "type": "Feature", "properties": { "speed": 2.184225, "dir": 137, "AM_dir": 227, "QGIS_dir": 317 }, "geometry": { "type": "Point", "coordinates": [ -12763512.246308213, 6074125.7063165111 ] } },
{ "type": "Feature", "properties": { "speed": 1.563224, "dir": 124, "AM_dir": 214, "QGIS_dir": 304 }, "geometry": { "type": "Point", "coordinates": [ -12746793.527082944, 6073600.9964221185 ] } },
{ "type": "Feature", "properties": { "speed": 0.443034, "dir": 30, "AM_dir": 120, "QGIS_dir": 210 }, "geometry": { "type": "Point", "coordinates": [ -12730077.76581018, 6073043.7901158119 ] } },
{ "type": "Feature", "properties": { "speed": 1.551467, "dir": 298, "AM_dir": 28, "QGIS_dir": 118 }, "geometry": { "type": "Point", "coordinates": [ -12713365.139598768, 6072454.1085884171 ] } },
{ "type": "Feature", "properties": { "speed": 2.772559, "dir": 280, "AM_dir": 10, "QGIS_dir": 100 }, "geometry": { "type": "Point", "coordinates": [ -12696655.82534699, 6071831.9742556335 ] } },
{ "type": "Feature", "properties": { "speed": 3.757226, "dir": 270, "AM_dir": 0, "QGIS_dir": 90 }, "geometry": { "type": "Point", "coordinates": [ -12679949.99973082, 6071177.4107554508 ] } },
{ "type": "Feature", "properties": { "speed": 4.502349, "dir": 263, "AM_dir": 353, "QGIS_dir": 83 }, "geometry": { "type": "Point", "coordinates": [ -12663247.839192225, 6070490.4429454356 ] } },
{ "type": "Feature", "properties": { "speed": 5.140921, "dir": 259, "AM_dir": 349, "QGIS_dir": 79 }, "geometry": { "type": "Point", "coordinates": [ -12646549.519927507, 6069771.0968998875 ] } },
{ "type": "Feature", "properties": { "speed": 5.751124, "dir": 260, "AM_dir": 350, "QGIS_dir": 80 }, "geometry": { "type": "Point", "coordinates": [ -12629855.217875682, 6069019.399906841 ] } },
{ "type": "Feature", "properties": { "speed": 6.054938, "dir": 257, "AM_dir": 347, "QGIS_dir": 77 }, "geometry": { "type": "Point", "coordinates": [ -12613165.108706901, 6068235.3804649422 ] } },
{ "type": "Feature", "properties": { "speed": 5.768435, "dir": 248, "AM_dir": 338, "QGIS_dir": 68 }, "geometry": { "type": "Point", "coordinates": [ -12596479.367810939, 6067419.0682801893 ] } },
{ "type": "Feature", "properties": { "speed": 1.945025, "dir": 135, "AM_dir": 225, "QGIS_dir": 315 }, "geometry": { "type": "Point", "coordinates": [ -12846798.442629952, 6093060.0538956393 ] } },
{ "type": "Feature", "properties": { "speed": 1.879344, "dir": 145, "AM_dir": 235, "QGIS_dir": 325 }, "geometry": { "type": "Point", "coordinates": [ -12830035.01537534, 6092696.1116135614 ] } },
{ "type": "Feature", "properties": { "speed": 2.239841, "dir": 154, "AM_dir": 244, "QGIS_dir": 334 }, "geometry": { "type": "Point", "coordinates": [ -12813273.67225044, 6092299.4065859169 ] } },
{ "type": "Feature", "properties": { "speed": 2.258517, "dir": 158, "AM_dir": 248, "QGIS_dir": 338 }, "geometry": { "type": "Point", "coordinates": [ -12796514.59248065, 6091869.9539917326 ] } },
{ "type": "Feature", "properties": { "speed": 2.131562, "dir": 156, "AM_dir": 246, "QGIS_dir": 336 }, "geometry": { "type": "Point", "coordinates": [ -12779757.955138186, 6091407.7702576723 ] } },
{ "type": "Feature", "properties": { "speed": 1.879408, "dir": 148, "AM_dir": 238, "QGIS_dir": 328 }, "geometry": { "type": "Point", "coordinates": [ -12763003.939130049, 6090912.8730561398 ] } },
{ "type": "Feature", "properties": { "speed": 1.533783, "dir": 136, "AM_dir": 226, "QGIS_dir": 316 }, "geometry": { "type": "Point", "coordinates": [ -12746252.723185992, 6090385.28130324 ] } },
{ "type": "Feature", "properties": { "speed": 0.725070, "dir": 99, "AM_dir": 189, "QGIS_dir": 279 }, "geometry": { "type": "Point", "coordinates": [ -12729504.48584656, 6089825.0151565773 ] } },
{ "type": "Feature", "properties": { "speed": 0.641038, "dir": 299, "AM_dir": 29, "QGIS_dir": 119 }, "geometry": { "type": "Point", "coordinates": [ -12712759.405451117, 6089232.0960129322 ] } },
{ "type": "Feature", "properties": { "speed": 1.996327, "dir": 275, "AM_dir": 5, "QGIS_dir": 95 }, "geometry": { "type": "Point", "coordinates": [ -12696017.660125945, 6088606.5465057828 ] } },
{ "type": "Feature", "properties": { "speed": 3.235394, "dir": 264, "AM_dir": 354, "QGIS_dir": 84 }, "geometry": { "type": "Point", "coordinates": [ -12679279.427772354, 6087948.390502708 ] } },
{ "type": "Feature", "properties": { "speed": 4.320307, "dir": 258, "AM_dir": 348, "QGIS_dir": 78 }, "geometry": { "type": "Point", "coordinates": [ -12662544.886054855, 6087257.6531026103 ] } },
{ "type": "Feature", "properties": { "speed": 5.237670, "dir": 254, "AM_dir": 344, "QGIS_dir": 74 }, "geometry": { "type": "Point", "coordinates": [ -12645814.212389342, 6086534.3606328359 ] } },
{ "type": "Feature", "properties": { "speed": 5.826893, "dir": 257, "AM_dir": 347, "QGIS_dir": 77 }, "geometry": { "type": "Point", "coordinates": [ -12629087.583931362, 6085778.5406461433 ] } },
{ "type": "Feature", "properties": { "speed": 6.281573, "dir": 256, "AM_dir": 346, "QGIS_dir": 76 }, "geometry": { "type": "Point", "coordinates": [ -12612365.177564381, 6084990.2219175333 ] } },
{ "type": "Feature", "properties": { "speed": 6.004404, "dir": 252, "AM_dir": 342, "QGIS_dir": 72 }, "geometry": { "type": "Point", "coordinates": [ -12595647.169888137, 6084169.4344409285 ] } },
{ "type": "Feature", "properties": { "speed": 1.934614, "dir": 158, "AM_dir": 248, "QGIS_dir": 338 }, "geometry": { "type": "Point", "coordinates": [ -12812860.703420613, 6109126.6982623376 ] } },
{ "type": "Feature", "properties": { "speed": 2.033242, "dir": 165, "AM_dir": 255, "QGIS_dir": 345 }, "geometry": { "type": "Point", "coordinates": [ -12796068.893307697, 6108694.8824691977 ] } },
{ "type": "Feature", "properties": { "speed": 1.958161, "dir": 161, "AM_dir": 251, "QGIS_dir": 341 }, "geometry": { "type": "Point", "coordinates": [ -12779279.542734167, 6108230.1557638897 ] } },
{ "type": "Feature", "properties": { "speed": 1.749018, "dir": 147, "AM_dir": 237, "QGIS_dir": 327 }, "geometry": { "type": "Point", "coordinates": [ -12762492.831856279, 6107732.5359910987 ] } },
{ "type": "Feature", "properties": { "speed": 1.504258, "dir": 132, "AM_dir": 222, "QGIS_dir": 312 }, "geometry": { "type": "Point", "coordinates": [ -12745708.940650919, 6107202.0422513001 ] } },
{ "type": "Feature", "properties": { "speed": 0.961859, "dir": 125, "AM_dir": 215, "QGIS_dir": 305 }, "geometry": { "type": "Point", "coordinates": [ -12728928.048903482, 6106638.6948985169 ] } },
{ "type": "Feature", "properties": { "speed": 0.377870, "dir": 225, "AM_dir": 315, "QGIS_dir": 45 }, "geometry": { "type": "Point", "coordinates": [ -12712150.336195774, 6106042.5155379502 ] } },
{ "type": "Feature", "properties": { "speed": 1.740917, "dir": 257, "AM_dir": 347, "QGIS_dir": 77 }, "geometry": { "type": "Point", "coordinates": [ -12695375.981893959, 6105413.5270234738 ] } },
{ "type": "Feature", "properties": { "speed": 3.183502, "dir": 256, "AM_dir": 346, "QGIS_dir": 76 }, "geometry": { "type": "Point", "coordinates": [ -12678605.165136525, 6104751.7534549991 ] } },
{ "type": "Feature", "properties": { "speed": 4.511999, "dir": 252, "AM_dir": 342, "QGIS_dir": 72 }, "geometry": { "type": "Point", "coordinates": [ -12661838.064822327, 6104057.220175649 ] } },
{ "type": "Feature", "properties": { "speed": 5.627767, "dir": 249, "AM_dir": 339, "QGIS_dir": 69 }, "geometry": { "type": "Point", "coordinates": [ -12645074.859598624, 6103329.9537688531 ] } },
{ "type": "Feature", "properties": { "speed": 6.068183, "dir": 252, "AM_dir": 342, "QGIS_dir": 72 }, "geometry": { "type": "Point", "coordinates": [ -12628315.727849199, 6102569.9820552617 ] } },
{ "type": "Feature", "properties": { "speed": 6.488665, "dir": 253, "AM_dir": 343, "QGIS_dir": 73 }, "geometry": { "type": "Point", "coordinates": [ -12611560.847682502, 6101777.3340895213 ] } },
{ "type": "Feature", "properties": { "speed": 5.949013, "dir": 253, "AM_dir": 343, "QGIS_dir": 73 }, "geometry": { "type": "Point", "coordinates": [ -12594810.396919863, 6100952.0401569391 ] } },
{ "type": "Feature", "properties": { "speed": 1.033695, "dir": 129, "AM_dir": 219, "QGIS_dir": 309 }, "geometry": { "type": "Point", "coordinates": [ -12728348.432884783, 6123485.0080426978 ] } },
{ "type": "Feature", "properties": { "speed": 0.730907, "dir": 211, "AM_dir": 301, "QGIS_dir": 31 }, "geometry": { "type": "Point", "coordinates": [ -12711537.90849667, 6122885.5456441902 ] } },
{ "type": "Feature", "properties": { "speed": 2.031357, "dir": 246, "AM_dir": 336, "QGIS_dir": 66 }, "geometry": { "type": "Point", "coordinates": [ -12694730.766077755, 6122253.094057139 ] } },
{ "type": "Feature", "properties": { "speed": 3.543834, "dir": 250, "AM_dir": 340, "QGIS_dir": 70 }, "geometry": { "type": "Point", "coordinates": [ -12677927.186015695, 6121587.6776165646 ] } },
{ "type": "Feature", "properties": { "speed": 4.960063, "dir": 250, "AM_dir": 340, "QGIS_dir": 70 }, "geometry": { "type": "Point", "coordinates": [ -12661127.348455625, 6120889.3219127608 ] } },
{ "type": "Feature", "properties": { "speed": 6.200417, "dir": 248, "AM_dir": 338, "QGIS_dir": 68 }, "geometry": { "type": "Point", "coordinates": [ -12644331.433288069, 6120158.0537883146 ] } },
{ "type": "Feature", "properties": { "speed": 6.520345, "dir": 248, "AM_dir": 338, "QGIS_dir": 68 }, "geometry": { "type": "Point", "coordinates": [ -12627539.620136904, 6119393.9013349665 ] } },
{ "type": "Feature", "properties": { "speed": 6.741352, "dir": 250, "AM_dir": 340, "QGIS_dir": 70 }, "geometry": { "type": "Point", "coordinates": [ -12610752.088347375, 6118596.8938903753 ] } },
{ "type": "Feature", "properties": { "speed": 5.735591, "dir": 251, "AM_dir": 341, "QGIS_dir": 71 }, "geometry": { "type": "Point", "coordinates": [ -12593969.016974155, 6117767.0620346954 ] } },
{ "type": "Feature", "properties": { "speed": 7.086297, "dir": 247, "AM_dir": 337, "QGIS_dir": 67 }, "geometry": { "type": "Point", "coordinates": [ -12626759.231015008, 6136250.4769155607 ] } },
{ "type": "Feature", "properties": { "speed": 6.981672, "dir": 249, "AM_dir": 339, "QGIS_dir": 69 }, "geometry": { "type": "Point", "coordinates": [ -12609938.868546164, 6135449.0794555824 ] } },
{ "type": "Feature", "properties": { "speed": 5.519139, "dir": 248, "AM_dir": 338, "QGIS_dir": 68 }, "geometry": { "type": "Point", "coordinates": [ -12593122.9978084, 6134614.6779030999 ] } }
]
}
