{
"type": "FeatureCollection",
"crs": { "type": "name", "properties": { "name": "urn:ogc:def:crs:EPSG::3857" } },
                                                                                
"features": [
{ "type": "Feature", "properties": { "speed": 2.669191, "dir": 121, "AM_dir": 211, "QGIS_dir": 301 }, "geometry": { "type": "Point", "coordinates": [ -12788798.894399405, 5761558.5571057471 ] } },
{ "type": "Feature", "properties": { "speed": 3.016338, "dir": 134, "AM_dir": 224, "QGIS_dir": 314 }, "geometry": { "type": "Point", "coordinates": [ -12772662.816729756, 5761114.3746621301 ] } },
{ "type": "Feature", "properties": { "speed": 3.301623, "dir": 137, "AM_dir": 227, "QGIS_dir": 317 }, "geometry": { "type": "Point", "coordinates": [ -12756529.183893766, 5760640.8406680981 ] } },
{ "type": "Feature", "properties": { "speed": 3.312820, "dir": 130, "AM_dir": 220, "QGIS_dir": 310 }, "geometry": { "type": "Point", "coordinates": [ -12740398.151869189, 5760137.9718008302 ] } },
{ "type": "Feature", "properties": { "speed": 2.893837, "dir": 119, "AM_dir": 209, "QGIS_dir": 299 }, "geometry": { "type": "Point", "coordinates": [ -12724269.876474388, 5759605.7857637191 ] } },
{ "type": "Feature", "properties": { "speed": 2.941755, "dir": 117, "AM_dir": 207, "QGIS_dir": 297 }, "geometry": { "type": "Point", "coordinates": [ -12804537.367929788, 5778180.1575744255 ] } },
{ "type": "Feature", "properties": { "speed": 3.051494, "dir": 132, "AM_dir": 222, "QGIS_dir": 312 }, "geometry": { "type": "Point", "coordinates": [ -12788369.644311868, 5777763.1221183287 ] } },
{ "type": "Feature", "properties": { "speed": 3.380285, "dir": 136, "AM_dir": 226, "QGIS_dir": 316 }, "geometry": { "type": "Point", "coordinates": [ -12772204.22458351, 5777316.5625847392 ] } },
{ "type": "Feature", "properties": { "speed": 3.380285, "dir": 136, "AM_dir": 226, "QGIS_dir": 316 }, "geometry": { "type": "Point", "coordinates": [ -12756041.265904488, 5776840.494768898 ] } },
{ "type": "Feature", "properties": { "speed": 3.545722, "dir": 131, "AM_dir": 221, "QGIS_dir": 311 }, "geometry": { "type": "Point", "coordinates": [ -12739880.925282964, 5776334.935503562 ] } },
{ "type": "Feature", "properties": { "speed": 3.150305, "dir": 123, "AM_dir": 213, "QGIS_dir": 303 }, "geometry": { "type": "Point", "coordinates": [ -12723723.35956588, 5775799.9026572257 ] } },
{ "type": "Feature", "properties": { "speed": 1.725494, "dir": 121, "AM_dir": 211, "QGIS_dir": 301 }, "geometry": { "type": "Point", "coordinates": [ -12707568.725429403, 5775235.4151322329 ] } },
{ "type": "Feature", "properties": { "speed": 0.767853, "dir": 176, "AM_dir": 266, "QGIS_dir": 356 }, "geometry": { "type": "Point", "coordinates": [ -12691417.179369379, 5774641.4928627713 ] } },
{ "type": "Feature", "properties": { "speed": 1.249095, "dir": 235, "AM_dir": 325, "QGIS_dir": 55 }, "geometry": { "type": "Point", "coordinates": [ -12675268.877691841, 5774018.1568127507 ] } },
{ "type": "Feature", "properties": { "speed": 1.547520, "dir": 247, "AM_dir": 337, "QGIS_dir": 67 }, "geometry": { "type": "Point", "coordinates": [ -12659123.976503517, 5773365.428973618 ] } },
{ "type": "Feature", "properties": { "speed": 1.281458, "dir": 249, "AM_dir": 339, "QGIS_dir": 69 }, "geometry": { "type": "Point", "coordinates": [ -12642982.631702388, 5772683.332361999 ] } },
{ "type": "Feature", "properties": { "speed": 0.953516, "dir": 232, "AM_dir": 322, "QGIS_dir": 52 }, "geometry": { "type": "Point", "coordinates": [ -12626844.99896828, 5771971.8910172898 ] } },
{ "type": "Feature", "properties": { "speed": 3.254485, "dir": 119, "AM_dir": 209, "QGIS_dir": 299 }, "geometry": { "type": "Point", "coordinates": [ -12804135.328474695, 5794416.2892360538 ] } },
{ "type": "Feature", "properties": { "speed": 3.249793, "dir": 130, "AM_dir": 220, "QGIS_dir": 310 }, "geometry": { "type": "Point", "coordinates": [ -12787938.090311108, 5793997.0188367516 ] } },
{ "type": "Feature", "properties": { "speed": 3.506914, "dir": 134, "AM_dir": 224, "QGIS_dir": 314 }, "geometry": { "type": "Point", "coordinates": [ -12771743.171362659, 5793548.0664446531 ] } },
{ "type": "Feature", "properties": { "speed": 3.693755, "dir": 130, "AM_dir": 220, "QGIS_dir": 310 }, "geometry": { "type": "Point", "coordinates": [ -12755550.729830861, 5793069.4480026979 ] } },
{ "type": "Feature", "properties": { "speed": 3.261876, "dir": 123, "AM_dir": 213, "QGIS_dir": 303 }, "geometry": { "type": "Point", "coordinates": [ -12739360.923763866, 5792561.1805009972 ] } },
{ "type": "Feature", "properties": { "speed": 1.733129, "dir": 128, "AM_dir": 218, "QGIS_dir": 308 }, "geometry": { "type": "Point", "coordinates": [ -12723173.911046758, 5792023.2819750514 ] } },
{ "type": "Feature", "properties": { "speed": 0.916052, "dir": 191, "AM_dir": 281, "QGIS_dir": 11 }, "geometry": { "type": "Point", "coordinates": [ -12706989.849391898, 5791455.7715037987 ] } },
{ "type": "Feature", "properties": { "speed": 1.326543, "dir": 240, "AM_dir": 330, "QGIS_dir": 60 }, "geometry": { "type": "Point", "coordinates": [ -12690808.896329254, 5790858.6692076083 ] } },
{ "type": "Feature", "properties": { "speed": 1.446491, "dir": 255, "AM_dir": 345, "QGIS_dir": 75 }, "geometry": { "type": "Point", "coordinates": [ -12674631.209196802, 5790231.9962461432 ] } },
{ "type": "Feature", "properties": { "speed": 1.113371, "dir": 265, "AM_dir": 355, "QGIS_dir": 85 }, "geometry": { "type": "Point", "coordinates": [ -12658456.945130933, 5789575.774816094 ] } },
{ "type": "Feature", "properties": { "speed": 1.113371, "dir": 265, "AM_dir": 355, "QGIS_dir": 85 }, "geometry": { "type": "Point", "coordinates": [ -12642286.261056907, 5788890.0281488327 ] } },
{ "type": "Feature", "properties": { "speed": 0.953516, "dir": 232, "AM_dir": 322, "QGIS_dir": 52 }, "geometry": { "type": "Point", "coordinates": [ -12626119.313679321, 5788174.7805079669 ] } },
{ "type": "Feature", "properties": { "speed": 1.192387, "dir": 183, "AM_dir": 273, "QGIS_dir": 3 }, "geometry": { "type": "Point", "coordinates": [ -12609956.259472637, 5787430.0571867377 ] } },
{ "type": "Feature", "properties": { "speed": 2.147672, "dir": 158, "AM_dir": 248, "QGIS_dir": 338 }, "geometry": { "type": "Point", "coordinates": [ -12593797.254671728, 5786655.8845053706 ] } },
{ "type": "Feature", "properties": { "speed": 3.070218, "dir": 153, "AM_dir": 243, "QGIS_dir": 333 }, "geometry": { "type": "Point", "coordinates": [ -12577642.455262477, 5785852.2898082733 ] } },
{ "type": "Feature", "properties": { "speed": 3.491290, "dir": 155, "AM_dir": 245, "QGIS_dir": 335 }, "geometry": { "type": "Point", "coordinates": [ -12561492.016972395, 5785019.3014611602 ] } },
{ "type": "Feature", "properties": { "speed": 3.276188, "dir": 162, "AM_dir": 252, "QGIS_dir": 342 }, "geometry": { "type": "Point", "coordinates": [ -12545346.095261307, 5784156.9488480482 ] } },
{ "type": "Feature", "properties": { "speed": 3.437983, "dir": 126, "AM_dir": 216, "QGIS_dir": 306 }, "geometry": { "type": "Point", "coordinates": [ -12803731.128127307, 5810681.9250656608 ] } },
{ "type": "Feature", "properties": { "speed": 3.477351, "dir": 133, "AM_dir": 223, "QGIS_dir": 313 }, "geometry": { "type": "Point", "coordinates": [ -12787504.21707128, 5810260.4048540723 ] } },
{ "type": "Feature", "properties": { "speed": 3.680114, "dir": 134, "AM_dir": 224, "QGIS_dir": 314 }, "geometry": { "type": "Point", "coordinates": [ -12771279.64069961, 5809809.0436872654 ] } },
{ "type": "Feature", "properties": { "speed": 3.781505, "dir": 132, "AM_dir": 222, "QGIS_dir": 312 }, "geometry": { "type": "Point", "coordinates": [ -12755057.558265271, 5809327.8576575629 ] } },
{ "type": "Feature", "properties": { "speed": 3.268922, "dir": 125, "AM_dir": 215, "QGIS_dir": 305 }, "geometry": { "type": "Point", "coordinates": [ -12738838.12886611, 5808816.8639142606 ] } },
{ "type": "Feature", "properties": { "speed": 1.783596, "dir": 119, "AM_dir": 209, "QGIS_dir": 299 }, "geometry": { "type": "Point", "coordinates": [ -12722621.511435041, 5808276.0806617569 ] } },
{ "type": "Feature", "properties": { "speed": 0.596444, "dir": 199, "AM_dir": 289, "QGIS_dir": 19 }, "geometry": { "type": "Point", "coordinates": [ -12706407.864730246, 5807705.5271576308 ] } },
{ "type": "Feature", "properties": { "speed": 1.154158, "dir": 254, "AM_dir": 344, "QGIS_dir": 74 }, "geometry": { "type": "Point", "coordinates": [ -12690197.34732544, 5807105.2237105649 ] } },
{ "type": "Feature", "properties": { "speed": 1.181138, "dir": 258, "AM_dir": 348, "QGIS_dir": 78 }, "geometry": { "type": "Point", "coordinates": [ -12673990.117600136, 5806475.1916782055 ] } },
{ "type": "Feature", "properties": { "speed": 0.658342, "dir": 250, "AM_dir": 340, "QGIS_dir": 70 }, "geometry": { "type": "Point", "coordinates": [ -12657786.333729941, 5805815.4534648489 ] } },
{ "type": "Feature", "properties": { "speed": 0.429964, "dir": 234, "AM_dir": 324, "QGIS_dir": 54 }, "geometry": { "type": "Point", "coordinates": [ -12641586.153676912, 5805126.0325190872 ] } },
{ "type": "Feature", "properties": { "speed": 0.854946, "dir": 193, "AM_dir": 283, "QGIS_dir": 13 }, "geometry": { "type": "Point", "coordinates": [ -12625389.73517992, 5804406.9533312814 ] } },
{ "type": "Feature", "properties": { "speed": 2.066934, "dir": 163, "AM_dir": 253, "QGIS_dir": 343 }, "geometry": { "type": "Point", "coordinates": [ -12609197.23574505, 5803658.2414309774 ] } },
{ "type": "Feature", "properties": { "speed": 3.336014, "dir": 159, "AM_dir": 249, "QGIS_dir": 339 }, "geometry": { "type": "Point", "coordinates": [ -12593008.812636066, 5802879.9233841803 ] } },
{ "type": "Feature", "properties": { "speed": 3.984564, "dir": 163, "AM_dir": 253, "QGIS_dir": 343 }, "geometry": { "type": "Point", "coordinates": [ -12576824.622864878, 5802072.0267905388 ] } },
{ "type": "Feature", "properties": { "speed": 3.657840, "dir": 173, "AM_dir": 263, "QGIS_dir": 353 }, "geometry": { "type": "Point", "coordinates": [ -12560644.82318208, 5801234.5802804176 ] } },
{ "type": "Feature", "properties": { "speed": 3.118585, "dir": 131, "AM_dir": 221, "QGIS_dir": 311 }, "geometry": { "type": "Point", "coordinates": [ -12803324.752471264, 5826977.2238436425 ] } },
{ "type": "Feature", "properties": { "speed": 3.175134, "dir": 137, "AM_dir": 227, "QGIS_dir": 317 }, "geometry": { "type": "Point", "coordinates": [ -12787068.009122884, 5826553.4388111206 ] } },
{ "type": "Feature", "properties": { "speed": 3.436012, "dir": 139, "AM_dir": 229, "QGIS_dir": 319 }, "geometry": { "type": "Point", "coordinates": [ -12770813.616073385, 5826099.6528040404 ] } },
{ "type": "Feature", "properties": { "speed": 3.621523, "dir": 138, "AM_dir": 228, "QGIS_dir": 318 }, "geometry": { "type": "Point", "coordinates": [ -12754561.733637027, 5825615.8820658457 ] } },
{ "type": "Feature", "properties": { "speed": 3.335848, "dir": 132, "AM_dir": 222, "QGIS_dir": 312 }, "geometry": { "type": "Point", "coordinates": [ -12738312.521971175, 5825102.1439068271 ] } },
{ "type": "Feature", "properties": { "speed": 2.144983, "dir": 123, "AM_dir": 213, "QGIS_dir": 303 }, "geometry": { "type": "Point", "coordinates": [ -12722066.141066343, 5824558.4567022463 ] } },
{ "type": "Feature", "properties": { "speed": 0.121725, "dir": 141, "AM_dir": 231, "QGIS_dir": 321 }, "geometry": { "type": "Point", "coordinates": [ -12705822.750736305, 5823984.8398903525 ] } },
{ "type": "Feature", "properties": { "speed": 0.890430, "dir": 284, "AM_dir": 14, "QGIS_dir": 104 }, "geometry": { "type": "Point", "coordinates": [ -12689582.510608247, 5823381.313970333 ] } },
{ "type": "Feature", "properties": { "speed": 0.885789, "dir": 271, "AM_dir": 1, "QGIS_dir": 91 }, "geometry": { "type": "Point", "coordinates": [ -12673345.580112908, 5822747.9005000759 ] } },
{ "type": "Feature", "properties": { "speed": 0.448222, "dir": 196, "AM_dir": 286, "QGIS_dir": 16 }, "geometry": { "type": "Point", "coordinates": [ -12657112.118474791, 5822084.6220938815 ] } },
{ "type": "Feature", "properties": { "speed": 0.680903, "dir": 143, "AM_dir": 233, "QGIS_dir": 323 }, "geometry": { "type": "Point", "coordinates": [ -12640882.284702377, 5821391.5024200324 ] } },
{ "type": "Feature", "properties": { "speed": 0.677216, "dir": 177, "AM_dir": 267, "QGIS_dir": 357 }, "geometry": { "type": "Point", "coordinates": [ -12624656.237578401, 5820668.5661982736 ] } },
{ "type": "Feature", "properties": { "speed": 1.873770, "dir": 157, "AM_dir": 247, "QGIS_dir": 337 }, "geometry": { "type": "Point", "coordinates": [ -12608434.135650143, 5819915.8391971467 ] } },
{ "type": "Feature", "properties": { "speed": 3.265969, "dir": 157, "AM_dir": 247, "QGIS_dir": 337 }, "geometry": { "type": "Point", "coordinates": [ -12592216.137219768, 5819133.3482312644 ] } },
{ "type": "Feature", "properties": { "speed": 4.126003, "dir": 163, "AM_dir": 253, "QGIS_dir": 343 }, "geometry": { "type": "Point", "coordinates": [ -12576002.400334708, 5818321.1211584434 ] } },
{ "type": "Feature", "properties": { "speed": 3.828052, "dir": 174, "AM_dir": 264, "QGIS_dir": 354 }, "geometry": { "type": "Point", "coordinates": [ -12559793.082778072, 5817479.1868767198 ] } },
{ "type": "Feature", "properties": { "speed": 2.681528, "dir": 126, "AM_dir": 216, "QGIS_dir": 306 }, "geometry": { "type": "Point", "coordinates": [ -12802916.186954753, 5843302.3454095507 ] } },
{ "type": "Feature", "properties": { "speed": 2.715547, "dir": 134, "AM_dir": 224, "QGIS_dir": 314 }, "geometry": { "type": "Point", "coordinates": [ -12786629.450851122, 5842876.2804062702 ] } },
{ "type": "Feature", "properties": { "speed": 2.945888, "dir": 140, "AM_dir": 230, "QGIS_dir": 320 }, "geometry": { "type": "Point", "coordinates": [ -12770345.080807867, 5842420.0533422753 ] } },
{ "type": "Feature", "properties": { "speed": 3.223977, "dir": 141, "AM_dir": 231, "QGIS_dir": 321 }, "geometry": { "type": "Point", "coordinates": [ -12754063.238210497, 5841933.6806138791 ] } },
{ "type": "Feature", "properties": { "speed": 3.332094, "dir": 135, "AM_dir": 225, "QGIS_dir": 315 }, "geometry": { "type": "Point", "coordinates": [ -12737784.084285798, 5841417.179694226 ] } },
{ "type": "Feature", "properties": { "speed": 2.144983, "dir": 123, "AM_dir": 213, "QGIS_dir": 303 }, "geometry": { "type": "Point", "coordinates": [ -12721507.78009179, 5840870.5691313976 ] } },
{ "type": "Feature", "properties": { "speed": 0.639613, "dir": 97, "AM_dir": 187, "QGIS_dir": 277 }, "geometry": { "type": "Point", "coordinates": [ -12705234.486507716, 5840293.8685464216 ] } },
{ "type": "Feature", "properties": { "speed": 0.642855, "dir": 329, "AM_dir": 59, "QGIS_dir": 149 }, "geometry": { "type": "Point", "coordinates": [ -12688964.364224061, 5839687.0986311585 ] } },
{ "type": "Feature", "properties": { "speed": 0.718138, "dir": 318, "AM_dir": 48, "QGIS_dir": 138 }, "geometry": { "type": "Point", "coordinates": [ -12672697.573732611, 5839050.2811460607 ] } },
{ "type": "Feature", "properties": { "speed": 0.428163, "dir": 106, "AM_dir": 196, "QGIS_dir": 286 }, "geometry": { "type": "Point", "coordinates": [ -12656434.275316525, 5838383.4389178455 ] } },
{ "type": "Feature", "properties": { "speed": 1.583734, "dir": 105, "AM_dir": 195, "QGIS_dir": 285 }, "geometry": { "type": "Point", "coordinates": [ -12640174.629040461, 5837686.5958370194 ] } },
{ "type": "Feature", "properties": { "speed": 1.017181, "dir": 127, "AM_dir": 217, "QGIS_dir": 307 }, "geometry": { "type": "Point", "coordinates": [ -12623918.794740722, 5836959.7768553421 ] } },
{ "type": "Feature", "properties": { "speed": 1.912759, "dir": 131, "AM_dir": 221, "QGIS_dir": 311 }, "geometry": { "type": "Point", "coordinates": [ -12607666.932015447, 5836203.0079831099 ] } },
{ "type": "Feature", "properties": { "speed": 3.094828, "dir": 141, "AM_dir": 231, "QGIS_dir": 321 }, "geometry": { "type": "Point", "coordinates": [ -12591419.200214839, 5835416.316286399 ] } },
{ "type": "Feature", "properties": { "speed": 4.030743, "dir": 153, "AM_dir": 243, "QGIS_dir": 333 }, "geometry": { "type": "Point", "coordinates": [ -12575175.758431433, 5834599.7298841383 ] } },
{ "type": "Feature", "properties": { "speed": 3.810642, "dir": 166, "AM_dir": 256, "QGIS_dir": 346 }, "geometry": { "type": "Point", "coordinates": [ -12558936.765490413, 5833753.2779451357 ] } },
{ "type": "Feature", "properties": { "speed": 2.662082, "dir": 116, "AM_dir": 206, "QGIS_dir": 296 }, "geometry": { "type": "Point", "coordinates": [ -12802505.416888956, 5859657.4506720109 ] } },
{ "type": "Feature", "properties": { "speed": 2.635072, "dir": 124, "AM_dir": 214, "QGIS_dir": 304 }, "geometry": { "type": "Point", "coordinates": [ -12786188.526494214, 5859229.0904053431 ] } },
{ "type": "Feature", "properties": { "speed": 2.704054, "dir": 132, "AM_dir": 222, "QGIS_dir": 312 }, "geometry": { "type": "Point", "coordinates": [ -12769874.018070016, 5858770.4059149772 ] } },
{ "type": "Feature", "properties": { "speed": 2.889830, "dir": 134, "AM_dir": 224, "QGIS_dir": 314 }, "geometry": { "type": "Point", "coordinates": [ -12753562.054083183, 5858281.4137518583 ] } },
{ "type": "Feature", "properties": { "speed": 3.238600, "dir": 129, "AM_dir": 219, "QGIS_dir": 309 }, "geometry": { "type": "Point", "coordinates": [ -12737252.796839966, 5857762.1315538641 ] } },
{ "type": "Feature", "properties": { "speed": 2.717639, "dir": 126, "AM_dir": 216, "QGIS_dir": 306 }, "geometry": { "type": "Point", "coordinates": [ -12720946.408475894, 5857212.5780439069 ] } },
{ "type": "Feature", "properties": { "speed": 1.540549, "dir": 105, "AM_dir": 195, "QGIS_dir": 285 }, "geometry": { "type": "Point", "coordinates": [ -12704643.050945662, 5856632.7730278885 ] } },
{ "type": "Feature", "properties": { "speed": 0.952624, "dir": 48, "AM_dir": 138, "QGIS_dir": 228 }, "geometry": { "type": "Point", "coordinates": [ -12688342.886013009, 5856022.7373925857 ] } },
{ "type": "Feature", "properties": { "speed": 1.150382, "dir": 25, "AM_dir": 115, "QGIS_dir": 205 }, "geometry": { "type": "Point", "coordinates": [ -12672046.075240685, 5855382.4931033459 ] } },
{ "type": "Feature", "properties": { "speed": 1.460400, "dir": 68, "AM_dir": 158, "QGIS_dir": 248 }, "geometry": { "type": "Point", "coordinates": [ -12655752.779980399, 5854712.0632017525 ] } },
{ "type": "Feature", "properties": { "speed": 2.832323, "dir": 93, "AM_dir": 183, "QGIS_dir": 273 }, "geometry": { "type": "Point", "coordinates": [ -12639463.161362832, 5854011.471803111 ] } },
{ "type": "Feature", "properties": { "speed": 2.273913, "dir": 102, "AM_dir": 192, "QGIS_dir": 282 }, "geometry": { "type": "Point", "coordinates": [ -12623177.380287673, 5853280.7440938558 ] } },
{ "type": "Feature", "properties": { "speed": 2.938991, "dir": 109, "AM_dir": 199, "QGIS_dir": 289 }, "geometry": { "type": "Point", "coordinates": [ -12606895.5974137, 5852519.9063288346 ] } },
{ "type": "Feature", "properties": { "speed": 3.610071, "dir": 122, "AM_dir": 212, "QGIS_dir": 302 }, "geometry": { "type": "Point", "coordinates": [ -12590617.973148894, 5851728.985828476 ] } },
{ "type": "Feature", "properties": { "speed": 4.180923, "dir": 139, "AM_dir": 229, "QGIS_dir": 319 }, "geometry": { "type": "Point", "coordinates": [ -12574344.667640595, 5850908.0109758461 ] } },
{ "type": "Feature", "properties": { "speed": 3.940597, "dir": 154, "AM_dir": 244, "QGIS_dir": 334 }, "geometry": { "type": "Point", "coordinates": [ -12558075.840765707, 5850057.0112136137 ] } },
{ "type": "Feature", "properties": { "speed": 3.380246, "dir": 103, "AM_dir": 193, "QGIS_dir": 283 }, "geometry": { "type": "Point", "coordinates": [ -12818441.869071893, 5876442.8695039172 ] } },
{ "type": "Feature", "properties": { "speed": 2.936057, "dir": 113, "AM_dir": 203, "QGIS_dir": 293 }, "geometry": { "type": "Point", "coordinates": [ -12802092.42744647, 5876042.7016188037 ] } },
{ "type": "Feature", "properties": { "speed": 2.902844, "dir": 118, "AM_dir": 208, "QGIS_dir": 298 }, "geometry": { "type": "Point", "coordinates": [ -12785745.220141705, 5875612.0306516653 ] } },
{ "type": "Feature", "properties": { "speed": 3.024179, "dir": 119, "AM_dir": 209, "QGIS_dir": 299 }, "geometry": { "type": "Point", "coordinates": [ -12769400.410868052, 5875150.872210877 ] } },
{ "type": "Feature", "properties": { "speed": 3.432437, "dir": 116, "AM_dir": 206, "QGIS_dir": 296 }, "geometry": { "type": "Point", "coordinates": [ -12753058.163183818, 5874659.2430038042 ] } },
{ "type": "Feature", "properties": { "speed": 3.697043, "dir": 110, "AM_dir": 200, "QGIS_dir": 290 }, "geometry": { "type": "Point", "coordinates": [ -12736718.640484873, 5874137.1608349839 ] } },
{ "type": "Feature", "properties": { "speed": 3.195880, "dir": 119, "AM_dir": 209, "QGIS_dir": 299 }, "geometry": { "type": "Point", "coordinates": [ -12720382.005994391, 5873584.6446041763 ] } },
{ "type": "Feature", "properties": { "speed": 2.620801, "dir": 102, "AM_dir": 192, "QGIS_dir": 282 }, "geometry": { "type": "Point", "coordinates": [ -12704048.422752596, 5873001.7143043103 ] } },
{ "type": "Feature", "properties": { "speed": 2.221127, "dir": 76, "AM_dir": 166, "QGIS_dir": 256 }, "geometry": { "type": "Point", "coordinates": [ -12687718.053606568, 5872388.3910193127 ] } },
{ "type": "Feature", "properties": { "speed": 2.330360, "dir": 60, "AM_dir": 150, "QGIS_dir": 240 }, "geometry": { "type": "Point", "coordinates": [ -12671391.061200041, 5871744.696921818 ] } },
{ "type": "Feature", "properties": { "speed": 2.846461, "dir": 74, "AM_dir": 164, "QGIS_dir": 254 }, "geometry": { "type": "Point", "coordinates": [ -12655067.607963281, 5871070.6552707572 ] } },
{ "type": "Feature", "properties": { "speed": 3.842546, "dir": 94, "AM_dir": 184, "QGIS_dir": 274 }, "geometry": { "type": "Point", "coordinates": [ -12638747.856102955, 5870366.2904088264 ] } },
{ "type": "Feature", "properties": { "speed": 3.709543, "dir": 100, "AM_dir": 190, "QGIS_dir": 280 }, "geometry": { "type": "Point", "coordinates": [ -12622431.96759207, 5869631.6277598571 ] } },
{ "type": "Feature", "properties": { "speed": 4.135110, "dir": 107, "AM_dir": 197, "QGIS_dir": 287 }, "geometry": { "type": "Point", "coordinates": [ -12606120.104159927, 5868866.6938260673 ] } },
{ "type": "Feature", "properties": { "speed": 4.284569, "dir": 118, "AM_dir": 208, "QGIS_dir": 298 }, "geometry": { "type": "Point", "coordinates": [ -12589812.427282138, 5868071.5161851766 ] } },
{ "type": "Feature", "properties": { "speed": 4.408640, "dir": 134, "AM_dir": 224, "QGIS_dir": 314 }, "geometry": { "type": "Point", "coordinates": [ -12573509.098170655, 5867246.1234874409 ] } },
{ "type": "Feature", "properties": { "speed": 4.187444, "dir": 148, "AM_dir": 238, "QGIS_dir": 328 }, "geometry": { "type": "Point", "coordinates": [ -12557210.277763875, 5866390.5454525445 ] } },
{ "type": "Feature", "properties": { "speed": 3.380246, "dir": 103, "AM_dir": 193, "QGIS_dir": 283 }, "geometry": { "type": "Point", "coordinates": [ -12818057.141016448, 5892860.591000759 ] } },
{ "type": "Feature", "properties": { "speed": 3.325897, "dir": 105, "AM_dir": 195, "QGIS_dir": 285 }, "geometry": { "type": "Point", "coordinates": [ -12801677.203659683, 5892458.2613269864 ] } },
{ "type": "Feature", "properties": { "speed": 3.387175, "dir": 106, "AM_dir": 196, "QGIS_dir": 286 }, "geometry": { "type": "Point", "coordinates": [ -12785299.515732737, 5892025.264076151 ] } },
{ "type": "Feature", "properties": { "speed": 3.565379, "dir": 106, "AM_dir": 196, "QGIS_dir": 286 }, "geometry": { "type": "Point", "coordinates": [ -12768924.24204961, 5891561.6150045041 ] } },
{ "type": "Feature", "properties": { "speed": 3.903468, "dir": 106, "AM_dir": 196, "QGIS_dir": 286 }, "geometry": { "type": "Point", "coordinates": [ -12752551.547270399, 5891067.3309776513 ] } },
{ "type": "Feature", "properties": { "speed": 4.163168, "dir": 108, "AM_dir": 198, "QGIS_dir": 288 }, "geometry": { "type": "Point", "coordinates": [ -12736181.595890861, 5890542.4299687129 ] } },
{ "type": "Feature", "properties": { "speed": 3.603374, "dir": 100, "AM_dir": 190, "QGIS_dir": 280 }, "geometry": { "type": "Point", "coordinates": [ -12719814.552232053, 5889986.9310563598 ] } },
{ "type": "Feature", "properties": { "speed": 3.477415, "dir": 89, "AM_dir": 179, "QGIS_dir": 269 }, "geometry": { "type": "Point", "coordinates": [ -12703450.580429958, 5889400.8544227118 ] } },
{ "type": "Feature", "properties": { "speed": 3.590049, "dir": 81, "AM_dir": 171, "QGIS_dir": 261 }, "geometry": { "type": "Point", "coordinates": [ -12687089.844425155, 5888784.2213511514 ] } },
{ "type": "Feature", "properties": { "speed": 4.002744, "dir": 86, "AM_dir": 176, "QGIS_dir": 266 }, "geometry": { "type": "Point", "coordinates": [ -12670732.507952532, 5888137.054223991 ] } },
{ "type": "Feature", "properties": { "speed": 4.404680, "dir": 97, "AM_dir": 187, "QGIS_dir": 277 }, "geometry": { "type": "Point", "coordinates": [ -12654378.734531015, 5887459.3765200265 ] } },
{ "type": "Feature", "properties": { "speed": 4.544947, "dir": 108, "AM_dir": 198, "QGIS_dir": 288 }, "geometry": { "type": "Point", "coordinates": [ -12638028.687453341, 5886751.2128119925 ] } },
{ "type": "Feature", "properties": { "speed": 4.625865, "dir": 114, "AM_dir": 204, "QGIS_dir": 294 }, "geometry": { "type": "Point", "coordinates": [ -12621682.529775875, 5886012.5887638684 ] } },
{ "type": "Feature", "properties": { "speed": 4.416168, "dir": 125, "AM_dir": 215, "QGIS_dir": 305 }, "geometry": { "type": "Point", "coordinates": [ -12605340.424308451, 5885243.5311280983 ] } },
{ "type": "Feature", "properties": { "speed": 4.237034, "dir": 137, "AM_dir": 227, "QGIS_dir": 317 }, "geometry": { "type": "Point", "coordinates": [ -12589002.533604266, 5884444.0677426774 ] } },
{ "type": "Feature", "properties": { "speed": 4.237034, "dir": 137, "AM_dir": 227, "QGIS_dir": 317 }, "geometry": { "type": "Point", "coordinates": [ -12572669.019949811, 5883614.2275281334 ] } },
{ "type": "Feature", "properties": { "speed": 4.057352, "dir": 150, "AM_dir": 240, "QGIS_dir": 330 }, "geometry": { "type": "Point", "coordinates": [ -12556340.045354847, 5882754.0404843809 ] } },
{ "type": "Feature", "properties": { "speed": 3.589819, "dir": 101, "AM_dir": 191, "QGIS_dir": 281 }, "geometry": { "type": "Point", "coordinates": [ -12817670.328466486, 5909308.800057359 ] } },
{ "type": "Feature", "properties": { "speed": 3.660009, "dir": 101, "AM_dir": 191, "QGIS_dir": 281 }, "geometry": { "type": "Point", "coordinates": [ -12801259.730419166, 5908904.2939731758 ] } },
{ "type": "Feature", "properties": { "speed": 3.822362, "dir": 102, "AM_dir": 192, "QGIS_dir": 282 }, "geometry": { "type": "Point", "coordinates": [ -12784851.3970543, 5908468.9547075918 ] } },
{ "type": "Feature", "properties": { "speed": 4.025719, "dir": 103, "AM_dir": 193, "QGIS_dir": 283 }, "geometry": { "type": "Point", "coordinates": [ -12768445.494299885, 5908002.7981664408 ] } },
{ "type": "Feature", "properties": { "speed": 4.226396, "dir": 108, "AM_dir": 198, "QGIS_dir": 288 }, "geometry": { "type": "Point", "coordinates": [ -12752042.187928203, 5907505.8413754273 ] } },
{ "type": "Feature", "properties": { "speed": 4.394507, "dir": 115, "AM_dir": 205, "QGIS_dir": 295 }, "geometry": { "type": "Point", "coordinates": [ -12735641.643545307, 5906978.102478222 ] } },
{ "type": "Feature", "properties": { "speed": 4.272108, "dir": 106, "AM_dir": 196, "QGIS_dir": 286 }, "geometry": { "type": "Point", "coordinates": [ -12719244.026580488, 5906419.6007344769 ] } },
{ "type": "Feature", "properties": { "speed": 4.341045, "dir": 103, "AM_dir": 193, "QGIS_dir": 283 }, "geometry": { "type": "Point", "coordinates": [ -12702849.502275821, 5905830.3565177135 ] } },
{ "type": "Feature", "properties": { "speed": 4.527314, "dir": 98, "AM_dir": 188, "QGIS_dir": 278 }, "geometry": { "type": "Point", "coordinates": [ -12686458.235675687, 5905210.3913130844 ] } },
{ "type": "Feature", "properties": { "speed": 4.831979, "dir": 97, "AM_dir": 187, "QGIS_dir": 277 }, "geometry": { "type": "Point", "coordinates": [ -12670070.391616387, 5904559.7277150257 ] } },
{ "type": "Feature", "properties": { "speed": 4.812795, "dir": 99, "AM_dir": 189, "QGIS_dir": 279 }, "geometry": { "type": "Point", "coordinates": [ -12653686.134715745, 5903878.3894247599 ] } },
{ "type": "Feature", "properties": { "speed": 4.562252, "dir": 105, "AM_dir": 195, "QGIS_dir": 285 }, "geometry": { "type": "Point", "coordinates": [ -12637305.629362762, 5903166.4012477202 ] } },
{ "type": "Feature", "properties": { "speed": 4.393695, "dir": 118, "AM_dir": 208, "QGIS_dir": 298 }, "geometry": { "type": "Point", "coordinates": [ -12620929.039707318, 5902423.7890908215 ] } },
{ "type": "Feature", "properties": { "speed": 4.080621, "dir": 129, "AM_dir": 219, "QGIS_dir": 309 }, "geometry": { "type": "Point", "coordinates": [ -12604556.529649893, 5901650.5799596496 ] } },
{ "type": "Feature", "properties": { "speed": 3.769024, "dir": 142, "AM_dir": 232, "QGIS_dir": 322 }, "geometry": { "type": "Point", "coordinates": [ -12588188.262831349, 5900846.8019554941 ] } },
{ "type": "Feature", "properties": { "speed": 3.674479, "dir": 156, "AM_dir": 246, "QGIS_dir": 336 }, "geometry": { "type": "Point", "coordinates": [ -12571824.40262275, 5900012.4842722751 ] } },
{ "type": "Feature", "properties": { "speed": 3.603374, "dir": 100, "AM_dir": 190, "QGIS_dir": 280 }, "geometry": { "type": "Point", "coordinates": [ -12817281.417284781, 5925787.6620993474 ] } },
{ "type": "Feature", "properties": { "speed": 3.826908, "dir": 102, "AM_dir": 192, "QGIS_dir": 282 }, "geometry": { "type": "Point", "coordinates": [ -12800839.99247201, 5925380.9648439558 ] } },
{ "type": "Feature", "properties": { "speed": 4.036214, "dir": 105, "AM_dir": 195, "QGIS_dir": 285 }, "geometry": { "type": "Point", "coordinates": [ -12784400.847739473, 5924943.2676829966 ] } },
{ "type": "Feature", "properties": { "speed": 4.157660, "dir": 110, "AM_dir": 200, "QGIS_dir": 290 }, "geometry": { "type": "Point", "coordinates": [ -12767964.150139725, 5924474.586673663 ] } },
{ "type": "Feature", "properties": { "speed": 4.306061, "dir": 119, "AM_dir": 209, "QGIS_dir": 299 }, "geometry": { "type": "Point", "coordinates": [ -12751530.066567788, 5923974.9390036007 ] } },
{ "type": "Feature", "properties": { "speed": 4.489607, "dir": 128, "AM_dir": 218, "QGIS_dir": 308 }, "geometry": { "type": "Point", "coordinates": [ -12735098.763750503, 5923444.3429890238 ] } },
{ "type": "Feature", "properties": { "speed": 4.595190, "dir": 119, "AM_dir": 209, "QGIS_dir": 299 }, "geometry": { "type": "Point", "coordinates": [ -12718670.408235887, 5922882.8180726925 ] } },
{ "type": "Feature", "properties": { "speed": 4.833322, "dir": 118, "AM_dir": 208, "QGIS_dir": 298 }, "geometry": { "type": "Point", "coordinates": [ -12702245.166382544, 5922290.3848217567 ] } },
{ "type": "Feature", "properties": { "speed": 5.112560, "dir": 113, "AM_dir": 203, "QGIS_dir": 293 }, "geometry": { "type": "Point", "coordinates": [ -12685823.204349089, 5921667.0649254955 ] } },
{ "type": "Feature", "properties": { "speed": 5.273584, "dir": 108, "AM_dir": 198, "QGIS_dir": 288 }, "geometry": { "type": "Point", "coordinates": [ -12669404.688083621, 5921012.881192931 ] } },
{ "type": "Feature", "properties": { "speed": 5.099634, "dir": 105, "AM_dir": 195, "QGIS_dir": 285 }, "geometry": { "type": "Point", "coordinates": [ -12652989.783313204, 5920327.8575503035 ] } },
{ "type": "Feature", "properties": { "speed": 4.647016, "dir": 106, "AM_dir": 196, "QGIS_dir": 286 }, "geometry": { "type": "Point", "coordinates": [ -12636578.655533418, 5919612.0190384723 ] } },
{ "type": "Feature", "properties": { "speed": 4.117018, "dir": 114, "AM_dir": 204, "QGIS_dir": 294 }, "geometry": { "type": "Point", "coordinates": [ -12620171.469997931, 5918865.3918101089 ] } },
{ "type": "Feature", "properties": { "speed": 3.648027, "dir": 127, "AM_dir": 217, "QGIS_dir": 307 }, "geometry": { "type": "Point", "coordinates": [ -12603768.391708104, 5918088.0031268848 ] } },
{ "type": "Feature", "properties": { "speed": 3.359935, "dir": 146, "AM_dir": 236, "QGIS_dir": 326 }, "geometry": { "type": "Point", "coordinates": [ -12587369.58540266, 5917279.8813564349 ] } },
{ "type": "Feature", "properties": { "speed": 3.458082, "dir": 166, "AM_dir": 256, "QGIS_dir": 346 }, "geometry": { "type": "Point", "coordinates": [ -12570975.215547374, 5916441.0559692793 ] } },
{ "type": "Feature", "properties": { "speed": 3.606872, "dir": 99, "AM_dir": 189, "QGIS_dir": 279 }, "geometry": { "type": "Point", "coordinates": [ -12816890.39319955, 5942297.3436744325 ] } },
{ "type": "Feature", "properties": { "speed": 3.851770, "dir": 105, "AM_dir": 195, "QGIS_dir": 285 }, "geometry": { "type": "Point", "coordinates": [ -12800417.974420143, 5941888.4403463611 ] } },
{ "type": "Feature", "properties": { "speed": 4.049243, "dir": 113, "AM_dir": 203, "QGIS_dir": 293 }, "geometry": { "type": "Point", "coordinates": [ -12783947.851265606, 5941448.3692581141 ] } },
{ "type": "Feature", "properties": { "speed": 4.205394, "dir": 123, "AM_dir": 213, "QGIS_dir": 303 }, "geometry": { "type": "Point", "coordinates": [ -12767480.191923734, 5940977.1466199858 ] } },
{ "type": "Feature", "properties": { "speed": 4.365079, "dir": 132, "AM_dir": 222, "QGIS_dir": 312 }, "geometry": { "type": "Point", "coordinates": [ -12751015.164422942, 5940474.7897834843 ] } },
{ "type": "Feature", "properties": { "speed": 4.503809, "dir": 140, "AM_dir": 230, "QGIS_dir": 320 }, "geometry": { "type": "Point", "coordinates": [ -12734552.936621493, 5939941.3172393814 ] } },
{ "type": "Feature", "properties": { "speed": 4.712698, "dir": 132, "AM_dir": 222, "QGIS_dir": 312 }, "geometry": { "type": "Point", "coordinates": [ -12718093.676196732, 5939376.7486156812 ] } },
{ "type": "Feature", "properties": { "speed": 4.955634, "dir": 131, "AM_dir": 221, "QGIS_dir": 311 }, "geometry": { "type": "Point", "coordinates": [ -12701637.550634373, 5938781.1046754336 ] } },
{ "type": "Feature", "properties": { "speed": 5.232278, "dir": 126, "AM_dir": 216, "QGIS_dir": 306 }, "geometry": { "type": "Point", "coordinates": [ -12685184.727217797, 5938154.4073144263 ] } },
{ "type": "Feature", "properties": { "speed": 5.340589, "dir": 120, "AM_dir": 210, "QGIS_dir": 300 }, "geometry": { "type": "Point", "coordinates": [ -12668735.373017397, 5937496.67955878 ] } },
{ "type": "Feature", "properties": { "speed": 5.102610, "dir": 116, "AM_dir": 206, "QGIS_dir": 296 }, "geometry": { "type": "Point", "coordinates": [ -12652289.654879959, 5936807.9455623943 ] } },
{ "type": "Feature", "properties": { "speed": 4.647016, "dir": 106, "AM_dir": 196, "QGIS_dir": 286 }, "geometry": { "type": "Point", "coordinates": [ -12635847.739418073, 5936088.2306042686 ] } },
{ "type": "Feature", "properties": { "speed": 4.022936, "dir": 115, "AM_dir": 205, "QGIS_dir": 295 }, "geometry": { "type": "Point", "coordinates": [ -12619409.792999581, 5935337.5610857327 ] } },
{ "type": "Feature", "properties": { "speed": 3.537951, "dir": 134, "AM_dir": 224, "QGIS_dir": 314 }, "geometry": { "type": "Point", "coordinates": [ -12602975.981737081, 5934555.9645275073 ] } },
{ "type": "Feature", "properties": { "speed": 3.477355, "dir": 159, "AM_dir": 249, "QGIS_dir": 339 }, "geometry": { "type": "Point", "coordinates": [ -12586546.471477458, 5933743.4695666926 ] } },
{ "type": "Feature", "properties": { "speed": 3.808634, "dir": 181, "AM_dir": 271, "QGIS_dir": 1 }, "geometry": { "type": "Point", "coordinates": [ -12570121.427791473, 5932900.1059536189 ] } },
{ "type": "Feature", "properties": { "speed": 3.715767, "dir": 95, "AM_dir": 185, "QGIS_dir": 275 }, "geometry": { "type": "Point", "coordinates": [ -12816497.241802854, 5958838.0124630909 ] } },
{ "type": "Feature", "properties": { "speed": 3.848042, "dir": 106, "AM_dir": 196, "QGIS_dir": 286 }, "geometry": { "type": "Point", "coordinates": [ -12799993.660718651, 5958426.8880185569 ] } },
{ "type": "Feature", "properties": { "speed": 3.984627, "dir": 119, "AM_dir": 209, "QGIS_dir": 299 }, "geometry": { "type": "Point", "coordinates": [ -12783492.390952522, 5957984.4268180113 ] } },
{ "type": "Feature", "properties": { "speed": 4.152184, "dir": 130, "AM_dir": 220, "QGIS_dir": 310 }, "geometry": { "type": "Point", "coordinates": [ -12766993.601838313, 5957510.6452266704 ] } },
{ "type": "Feature", "properties": { "speed": 4.307151, "dir": 139, "AM_dir": 229, "QGIS_dir": 319 }, "geometry": { "type": "Point", "coordinates": [ -12750497.462548623, 5957005.5607618093 ] } },
{ "type": "Feature", "properties": { "speed": 4.378519, "dir": 145, "AM_dir": 235, "QGIS_dir": 325 }, "geometry": { "type": "Point", "coordinates": [ -12734004.142083889, 5956469.1920908298 ] } },
{ "type": "Feature", "properties": { "speed": 4.662673, "dir": 143, "AM_dir": 233, "QGIS_dir": 323 }, "geometry": { "type": "Point", "coordinates": [ -12717513.809261512, 5955901.5590291331 ] } },
{ "type": "Feature", "properties": { "speed": 4.820616, "dir": 142, "AM_dir": 232, "QGIS_dir": 322 }, "geometry": { "type": "Point", "coordinates": [ -12701026.632705007, 5955302.6825379636 ] } },
{ "type": "Feature", "properties": { "speed": 5.075349, "dir": 137, "AM_dir": 227, "QGIS_dir": 317 }, "geometry": { "type": "Point", "coordinates": [ -12684542.780833181, 5954672.5847220533 ] } },
{ "type": "Feature", "properties": { "speed": 5.250022, "dir": 133, "AM_dir": 223, "QGIS_dir": 313 }, "geometry": { "type": "Point", "coordinates": [ -12668062.421849361, 5954011.2888271566 ] } },
{ "type": "Feature", "properties": { "speed": 4.951964, "dir": 132, "AM_dir": 222, "QGIS_dir": 312 }, "geometry": { "type": "Point", "coordinates": [ -12651585.723730631, 5953318.8192374883 ] } },
{ "type": "Feature", "properties": { "speed": 4.536367, "dir": 119, "AM_dir": 209, "QGIS_dir": 299 }, "geometry": { "type": "Point", "coordinates": [ -12635112.854217144, 5952595.2014730023 ] } },
{ "type": "Feature", "properties": { "speed": 3.859571, "dir": 132, "AM_dir": 222, "QGIS_dir": 312 }, "geometry": { "type": "Point", "coordinates": [ -12618643.980801435, 5951840.4621865619 ] } },
{ "type": "Feature", "properties": { "speed": 3.602129, "dir": 155, "AM_dir": 245, "QGIS_dir": 335 }, "geometry": { "type": "Point", "coordinates": [ -12602179.270717807, 5951054.6291609881 ] } },
{ "type": "Feature", "properties": { "speed": 3.877189, "dir": 178, "AM_dir": 268, "QGIS_dir": 358 }, "geometry": { "type": "Point", "coordinates": [ -12585718.890931739, 5950237.731306 ] } },
{ "type": "Feature", "properties": { "speed": 4.310844, "dir": 194, "AM_dir": 284, "QGIS_dir": 14 }, "geometry": { "type": "Point", "coordinates": [ -12569263.008129347, 5949389.79865498 ] } },
{ "type": "Feature", "properties": { "speed": 4.271224, "dir": 94, "AM_dir": 184, "QGIS_dir": 274 }, "geometry": { "type": "Point", "coordinates": [ -12832639.017942682, 5975791.675777127 ] } },
{ "type": "Feature", "properties": { "speed": 3.911703, "dir": 103, "AM_dir": 193, "QGIS_dir": 283 }, "geometry": { "type": "Point", "coordinates": [ -12816101.948549021, 5975409.8372893361 ] } },
{ "type": "Feature", "properties": { "speed": 3.833639, "dir": 115, "AM_dir": 205, "QGIS_dir": 295 }, "geometry": { "type": "Point", "coordinates": [ -12799567.035674036, 5974996.4765405515 ] } },
{ "type": "Feature", "properties": { "speed": 3.895652, "dir": 125, "AM_dir": 215, "QGIS_dir": 305 }, "geometry": { "type": "Point", "coordinates": [ -12783034.449960651, 5974551.608887827 ] } },
{ "type": "Feature", "properties": { "speed": 4.031149, "dir": 133, "AM_dir": 223, "QGIS_dir": 313 }, "geometry": { "type": "Point", "coordinates": [ -12766504.361899698, 5974075.250853112 ] } },
{ "type": "Feature", "properties": { "speed": 4.062789, "dir": 141, "AM_dir": 231, "QGIS_dir": 321 }, "geometry": { "type": "Point", "coordinates": [ -12749976.941818865, 5973567.4201214146 ] } },
{ "type": "Feature", "properties": { "speed": 4.102685, "dir": 149, "AM_dir": 239, "QGIS_dir": 329 }, "geometry": { "type": "Point", "coordinates": [ -12733452.359871652, 5973028.1355388174 ] } },
{ "type": "Feature", "properties": { "speed": 4.586124, "dir": 149, "AM_dir": 239, "QGIS_dir": 329 }, "geometry": { "type": "Point", "coordinates": [ -12716930.786026362, 5972457.4171103481 ] } },
{ "type": "Feature", "properties": { "speed": 4.842806, "dir": 147, "AM_dir": 237, "QGIS_dir": 327 }, "geometry": { "type": "Point", "coordinates": [ -12700412.390055135, 5971855.2859977698 ] } },
{ "type": "Feature", "properties": { "speed": 4.961319, "dir": 145, "AM_dir": 235, "QGIS_dir": 325 }, "geometry": { "type": "Point", "coordinates": [ -12683897.341522988, 5971221.7645171992 ] } },
{ "type": "Feature", "properties": { "speed": 4.961319, "dir": 145, "AM_dir": 235, "QGIS_dir": 325 }, "geometry": { "type": "Point", "coordinates": [ -12667385.809776926, 5970556.8761366243 ] } },
{ "type": "Feature", "properties": { "speed": 4.659321, "dir": 148, "AM_dir": 238, "QGIS_dir": 328 }, "geometry": { "type": "Point", "coordinates": [ -12650877.963935057, 5969860.6454732632 ] } },
{ "type": "Feature", "properties": { "speed": 4.385007, "dir": 139, "AM_dir": 229, "QGIS_dir": 319 }, "geometry": { "type": "Point", "coordinates": [ -12634373.972875761, 5969133.0982908551 ] } },
{ "type": "Feature", "properties": { "speed": 3.881825, "dir": 155, "AM_dir": 245, "QGIS_dir": 335 }, "geometry": { "type": "Point", "coordinates": [ -12617874.005226908, 5968374.2614967497 ] } },
{ "type": "Feature", "properties": { "speed": 3.903349, "dir": 177, "AM_dir": 267, "QGIS_dir": 357 }, "geometry": { "type": "Point", "coordinates": [ -12601378.229355086, 5967584.1631389437 ] } },
{ "type": "Feature", "properties": { "speed": 4.137186, "dir": 194, "AM_dir": 284, "QGIS_dir": 14 }, "geometry": { "type": "Point", "coordinates": [ -12584886.813354917, 5966762.8324029436 ] } },
{ "type": "Feature", "properties": { "speed": 4.301574, "dir": 203, "AM_dir": 293, "QGIS_dir": 23 }, "geometry": { "type": "Point", "coordinates": [ -12568399.925038388, 5965910.2996085314 ] } },
{ "type": "Feature", "properties": { "speed": 4.342013, "dir": 100, "AM_dir": 190, "QGIS_dir": 280 }, "geometry": { "type": "Point", "coordinates": [ -12832273.085407991, 5992396.9067986533 ] } },
{ "type": "Feature", "properties": { "speed": 4.073657, "dir": 100, "AM_dir": 190, "QGIS_dir": 280 }, "geometry": { "type": "Point", "coordinates": [ -12815704.498753013, 5992012.9881316284 ] } },
{ "type": "Feature", "properties": { "speed": 3.891080, "dir": 106, "AM_dir": 196, "QGIS_dir": 286 }, "geometry": { "type": "Point", "coordinates": [ -12799138.083442478, 5991597.3757451242 ] } },
{ "type": "Feature", "properties": { "speed": 3.869760, "dir": 111, "AM_dir": 201, "QGIS_dir": 291 }, "geometry": { "type": "Point", "coordinates": [ -12782574.011289159, 5991150.0851436323 ] } },
{ "type": "Feature", "properties": { "speed": 3.913410, "dir": 118, "AM_dir": 208, "QGIS_dir": 298 }, "geometry": { "type": "Point", "coordinates": [ -12766012.453951944, 5990671.1330076987 ] } },
{ "type": "Feature", "properties": { "speed": 3.705734, "dir": 131, "AM_dir": 221, "QGIS_dir": 311 }, "geometry": { "type": "Point", "coordinates": [ -12749453.582924645, 5990160.5371920345 ] } },
{ "type": "Feature", "properties": { "speed": 3.500385, "dir": 149, "AM_dir": 239, "QGIS_dir": 329 }, "geometry": { "type": "Point", "coordinates": [ -12732897.569524832, 5989618.3167235032 ] } },
{ "type": "Feature", "properties": { "speed": 4.244568, "dir": 156, "AM_dir": 246, "QGIS_dir": 336 }, "geometry": { "type": "Point", "coordinates": [ -12716344.584882692, 5989044.491799009 ] } },
{ "type": "Feature", "properties": { "speed": 4.404124, "dir": 159, "AM_dir": 249, "QGIS_dir": 339 }, "geometry": { "type": "Point", "coordinates": [ -12699794.79992993, 5988439.0837831898 ] } },
{ "type": "Feature", "properties": { "speed": 4.315993, "dir": 162, "AM_dir": 252, "QGIS_dir": 342 }, "geometry": { "type": "Point", "coordinates": [ -12683248.385388693, 5987802.1152060367 ] } },
{ "type": "Feature", "properties": { "speed": 4.052126, "dir": 168, "AM_dir": 258, "QGIS_dir": 348 }, "geometry": { "type": "Point", "coordinates": [ -12666705.511760537, 5987133.6097603776 ] } },
{ "type": "Feature", "properties": { "speed": 3.741254, "dir": 181, "AM_dir": 271, "QGIS_dir": 1 }, "geometry": { "type": "Point", "coordinates": [ -12650166.349315424, 5986433.5922991978 ] } },
{ "type": "Feature", "properties": { "speed": 3.839054, "dir": 176, "AM_dir": 266, "QGIS_dir": 356 }, "geometry": { "type": "Point", "coordinates": [ -12633631.06808077, 5985702.0888328627 ] } },
{ "type": "Feature", "properties": { "speed": 3.926661, "dir": 195, "AM_dir": 285, "QGIS_dir": 15 }, "geometry": { "type": "Point", "coordinates": [ -12617099.837830523, 5984939.1265262198 ] } },
{ "type": "Feature", "properties": { "speed": 4.032608, "dir": 207, "AM_dir": 297, "QGIS_dir": 27 }, "geometry": { "type": "Point", "coordinates": [ -12600572.828074286, 5984144.7336955424 ] } },
{ "type": "Feature", "properties": { "speed": 3.862696, "dir": 207, "AM_dir": 297, "QGIS_dir": 27 }, "geometry": { "type": "Point", "coordinates": [ -12584050.20804649, 5983318.9398053829 ] } },
{ "type": "Feature", "properties": { "speed": 4.276564, "dir": 107, "AM_dir": 197, "QGIS_dir": 287 }, "geometry": { "type": "Point", "coordinates": [ -12831905.153462389, 6009033.6492850641 ] } },
{ "type": "Feature", "properties": { "speed": 4.190973, "dir": 102, "AM_dir": 192, "QGIS_dir": 282 }, "geometry": { "type": "Point", "coordinates": [ -12815304.877588788, 6008647.6361339148 ] } },
{ "type": "Feature", "properties": { "speed": 4.096135, "dir": 103, "AM_dir": 193, "QGIS_dir": 283 }, "geometry": { "type": "Point", "coordinates": [ -12798706.788028063, 6008229.7566288086 ] } },
{ "type": "Feature", "properties": { "speed": 4.128436, "dir": 105, "AM_dir": 195, "QGIS_dir": 285 }, "geometry": { "type": "Point", "coordinates": [ -12782111.057774059, 6007780.0264234198 ] } },
{ "type": "Feature", "properties": { "speed": 4.000966, "dir": 110, "AM_dir": 200, "QGIS_dir": 290 }, "geometry": { "type": "Point", "coordinates": [ -12765517.859664913, 6007298.4623587504 ] } },
{ "type": "Feature", "properties": { "speed": 3.342523, "dir": 123, "AM_dir": 213, "QGIS_dir": 303 }, "geometry": { "type": "Point", "coordinates": [ -12748927.366371736, 6006785.0824612249 ] } },
{ "type": "Feature", "properties": { "speed": 2.592512, "dir": 151, "AM_dir": 241, "QGIS_dir": 331 }, "geometry": { "type": "Point", "coordinates": [ -12732339.750387298, 6006239.9059406482 ] } },
{ "type": "Feature", "properties": { "speed": 3.543015, "dir": 169, "AM_dir": 259, "QGIS_dir": 349 }, "geometry": { "type": "Point", "coordinates": [ -12715755.18401478, 6005662.9531880319 ] } },
{ "type": "Feature", "properties": { "speed": 3.676105, "dir": 182, "AM_dir": 272, "QGIS_dir": 2 }, "geometry": { "type": "Point", "coordinates": [ -12699173.83935653, 6005054.245773308 ] } },
{ "type": "Feature", "properties": { "speed": 3.585751, "dir": 189, "AM_dir": 279, "QGIS_dir": 9 }, "geometry": { "type": "Point", "coordinates": [ -12682595.888302855, 6004413.8064428596 ] } },
{ "type": "Feature", "properties": { "speed": 3.518696, "dir": 197, "AM_dir": 287, "QGIS_dir": 17 }, "geometry": { "type": "Point", "coordinates": [ -12666021.502520869, 6003741.6591170123 ] } },
{ "type": "Feature", "properties": { "speed": 3.512606, "dir": 208, "AM_dir": 298, "QGIS_dir": 28 }, "geometry": { "type": "Point", "coordinates": [ -12649450.85344336, 6003037.8288872875 ] } },
{ "type": "Feature", "properties": { "speed": 3.645532, "dir": 198, "AM_dir": 288, "QGIS_dir": 18 }, "geometry": { "type": "Point", "coordinates": [ -12632884.112257693, 6002302.3420136003 ] } },
{ "type": "Feature", "properties": { "speed": 3.839822, "dir": 213, "AM_dir": 303, "QGIS_dir": 33 }, "geometry": { "type": "Point", "coordinates": [ -12616321.449894786, 6001535.2259213189 ] } },
{ "type": "Feature", "properties": { "speed": 3.827699, "dir": 219, "AM_dir": 309, "QGIS_dir": 39 }, "geometry": { "type": "Point", "coordinates": [ -12599763.037018089, 6000736.5091981618 ] } },
{ "type": "Feature", "properties": { "speed": 3.465754, "dir": 209, "AM_dir": 299, "QGIS_dir": 29 }, "geometry": { "type": "Point", "coordinates": [ -12583209.044012632, 5999906.221591 ] } },
{ "type": "Feature", "properties": { "speed": 4.062469, "dir": 116, "AM_dir": 206, "QGIS_dir": 296 }, "geometry": { "type": "Point", "coordinates": [ -12831535.208319951, 6025702.0756947994 ] } },
{ "type": "Feature", "properties": { "speed": 4.171018, "dir": 110, "AM_dir": 200, "QGIS_dir": 290 }, "geometry": { "type": "Point", "coordinates": [ -12814903.07008763, 6025313.9536168035 ] } },
{ "type": "Feature", "properties": { "speed": 4.173335, "dir": 111, "AM_dir": 201, "QGIS_dir": 291 }, "geometry": { "type": "Point", "coordinates": [ -12798273.133280979, 6024893.7913630577 ] } },
{ "type": "Feature", "properties": { "speed": 4.218430, "dir": 112, "AM_dir": 202, "QGIS_dir": 292 }, "geometry": { "type": "Point", "coordinates": [ -12781645.572086267, 6024441.6047382047 ] } },
{ "type": "Feature", "properties": { "speed": 3.908268, "dir": 113, "AM_dir": 203, "QGIS_dir": 293 }, "geometry": { "type": "Point", "coordinates": [ -12765020.56053221, 6023957.4107456096 ] } },
{ "type": "Feature", "properties": { "speed": 2.930061, "dir": 121, "AM_dir": 211, "QGIS_dir": 301 }, "geometry": { "type": "Point", "coordinates": [ -12748398.272478508, 6023441.2275854461 ] } },
{ "type": "Feature", "properties": { "speed": 2.592512, "dir": 151, "AM_dir": 241, "QGIS_dir": 331 }, "geometry": { "type": "Point", "coordinates": [ -12731778.881604411, 6022893.074652615 ] } },
{ "type": "Feature", "properties": { "speed": 2.578772, "dir": 191, "AM_dir": 281, "QGIS_dir": 11 }, "geometry": { "type": "Point", "coordinates": [ -12715162.561397327, 6022312.972534555 ] } },
{ "type": "Feature", "properties": { "speed": 3.090946, "dir": 216, "AM_dir": 306, "QGIS_dir": 36 }, "geometry": { "type": "Point", "coordinates": [ -12698549.485141447, 6021700.943008896 ] } },
{ "type": "Feature", "properties": { "speed": 3.398220, "dir": 225, "AM_dir": 315, "QGIS_dir": 45 }, "geometry": { "type": "Point", "coordinates": [ -12681939.825906415, 6021057.0090410057 ] } },
{ "type": "Feature", "properties": { "speed": 3.609928, "dir": 228, "AM_dir": 318, "QGIS_dir": 48 }, "geometry": { "type": "Point", "coordinates": [ -12665333.756536027, 6020381.1947813695 ] } },
{ "type": "Feature", "properties": { "speed": 3.804261, "dir": 232, "AM_dir": 322, "QGIS_dir": 52 }, "geometry": { "type": "Point", "coordinates": [ -12648731.44963699, 6019673.5255628778 ] } },
{ "type": "Feature", "properties": { "speed": 3.698723, "dir": 220, "AM_dir": 310, "QGIS_dir": 40 }, "geometry": { "type": "Point", "coordinates": [ -12632133.077567676, 6018934.0278979531 ] } },
{ "type": "Feature", "properties": { "speed": 4.000453, "dir": 230, "AM_dir": 320, "QGIS_dir": 50 }, "geometry": { "type": "Point", "coordinates": [ -12615538.812426973, 6018162.7294755476 ] } },
{ "type": "Feature", "properties": { "speed": 3.920252, "dir": 230, "AM_dir": 320, "QGIS_dir": 50 }, "geometry": { "type": "Point", "coordinates": [ -12598948.826043146, 6017359.6591580296 ] } },
{ "type": "Feature", "properties": { "speed": 3.535903, "dir": 213, "AM_dir": 303, "QGIS_dir": 33 }, "geometry": { "type": "Point", "coordinates": [ -12582363.289962746, 6016524.8469779314 ] } },
{ "type": "Feature", "properties": { "speed": 3.689672, "dir": 124, "AM_dir": 214, "QGIS_dir": 304 }, "geometry": { "type": "Point", "coordinates": [ -12831163.236061756, 6042402.359675929 ] } },
{ "type": "Feature", "properties": { "speed": 4.000655, "dir": 120, "AM_dir": 210, "QGIS_dir": 300 }, "geometry": { "type": "Point", "coordinates": [ -12814499.06113646, 6042012.1140888454 ] } },
{ "type": "Feature", "properties": { "speed": 4.075013, "dir": 123, "AM_dir": 213, "QGIS_dir": 303 }, "geometry": { "type": "Point", "coordinates": [ -12797837.102895699, 6041589.6533055063 ] } },
{ "type": "Feature", "properties": { "speed": 4.080605, "dir": 123, "AM_dir": 213, "QGIS_dir": 303 }, "geometry": { "type": "Point", "coordinates": [ -12781177.536729662, 6041134.9932832941 ] } },
{ "type": "Feature", "properties": { "speed": 3.652977, "dir": 123, "AM_dir": 213, "QGIS_dir": 303 }, "geometry": { "type": "Point", "coordinates": [ -12764520.537869096, 6040648.1511898777 ] } },
{ "type": "Feature", "properties": { "speed": 2.659846, "dir": 123, "AM_dir": 213, "QGIS_dir": 303 }, "geometry": { "type": "Point", "coordinates": [ -12747866.281373724, 6040129.1454012347 ] } },
{ "type": "Feature", "properties": { "speed": 1.655141, "dir": 149, "AM_dir": 239, "QGIS_dir": 329 }, "geometry": { "type": "Point", "coordinates": [ -12731214.942120686, 6039577.9954995671 ] } },
{ "type": "Feature", "properties": { "speed": 1.648064, "dir": 220, "AM_dir": 310, "QGIS_dir": 40 }, "geometry": { "type": "Point", "coordinates": [ -12714566.694792977, 6038994.7222710671 ] } },
{ "type": "Feature", "properties": { "speed": 2.843189, "dir": 248, "AM_dir": 338, "QGIS_dir": 68 }, "geometry": { "type": "Point", "coordinates": [ -12697921.713867974, 6038379.347703536 ] } },
{ "type": "Feature", "properties": { "speed": 3.565570, "dir": 251, "AM_dir": 341, "QGIS_dir": 71 }, "geometry": { "type": "Point", "coordinates": [ -12681280.173605952, 6037731.89498391 ] } },
{ "type": "Feature", "properties": { "speed": 3.944227, "dir": 249, "AM_dir": 339, "QGIS_dir": 69 }, "geometry": { "type": "Point", "coordinates": [ -12664642.248038661, 6037052.3884955831 ] } },
{ "type": "Feature", "properties": { "speed": 4.205957, "dir": 247, "AM_dir": 337, "QGIS_dir": 67 }, "geometry": { "type": "Point", "coordinates": [ -12648008.110957935, 6036340.8538156655 ] } },
{ "type": "Feature", "properties": { "speed": 4.090541, "dir": 237, "AM_dir": 327, "QGIS_dir": 57 }, "geometry": { "type": "Point", "coordinates": [ -12631377.935904343, 6035597.3177120704 ] } },
{ "type": "Feature", "properties": { "speed": 4.436850, "dir": 242, "AM_dir": 332, "QGIS_dir": 62 }, "geometry": { "type": "Point", "coordinates": [ -12614751.896155883, 6034821.8081404651 ] } },
{ "type": "Feature", "properties": { "speed": 4.372389, "dir": 238, "AM_dir": 328, "QGIS_dir": 58 }, "geometry": { "type": "Point", "coordinates": [ -12598130.164716719, 6034014.354241115 ] } },
{ "type": "Feature", "properties": { "speed": 4.116436, "dir": 222, "AM_dir": 312, "QGIS_dir": 42 }, "geometry": { "type": "Point", "coordinates": [ -12581512.914305974, 6033174.986335583 ] } },
{ "type": "Feature", "properties": { "speed": 3.210592, "dir": 128, "AM_dir": 218, "QGIS_dir": 308 }, "geometry": { "type": "Point", "coordinates": [ -12847487.665128455, 6059494.6535818735 ] } },
{ "type": "Feature", "properties": { "speed": 3.174372, "dir": 136, "AM_dir": 226, "QGIS_dir": 316 }, "geometry": { "type": "Point", "coordinates": [ -12830789.222634323, 6059134.6760775438 ] } },
{ "type": "Feature", "properties": { "speed": 3.697510, "dir": 133, "AM_dir": 223, "QGIS_dir": 313 }, "geometry": { "type": "Point", "coordinates": [ -12814092.835476119, 6058742.2922579991 ] } },
{ "type": "Feature", "properties": { "speed": 3.697510, "dir": 133, "AM_dir": 223, "QGIS_dir": 313 }, "geometry": { "type": "Point", "coordinates": [ -12797398.680409133, 6058317.5170113891 ] } },
{ "type": "Feature", "properties": { "speed": 3.711747, "dir": 134, "AM_dir": 224, "QGIS_dir": 314 }, "geometry": { "type": "Point", "coordinates": [ -12780706.934039086, 6057860.3664496662 ] } },
{ "type": "Feature", "properties": { "speed": 3.300992, "dir": 134, "AM_dir": 224, "QGIS_dir": 314 }, "geometry": { "type": "Point", "coordinates": [ -12764017.772810366, 6057370.8579067523 ] } },
{ "type": "Feature", "properties": { "speed": 2.466271, "dir": 132, "AM_dir": 222, "QGIS_dir": 312 }, "geometry": { "type": "Point", "coordinates": [ -12747331.372994287, 6056849.0099365292 ] } },
{ "type": "Feature", "properties": { "speed": 1.196745, "dir": 134, "AM_dir": 224, "QGIS_dir": 314 }, "geometry": { "type": "Point", "coordinates": [ -12730647.910677398, 6056294.8423107276 ] } },
{ "type": "Feature", "properties": { "speed": 0.899137, "dir": 254, "AM_dir": 344, "QGIS_dir": 74 }, "geometry": { "type": "Point", "coordinates": [ -12713967.561749807, 6055708.3760166597 ] } },
{ "type": "Feature", "properties": { "speed": 2.429272, "dir": 269, "AM_dir": 359, "QGIS_dir": 89 }, "geometry": { "type": "Point", "coordinates": [ -12697290.501893532, 6055089.6332548065 ] } },
{ "type": "Feature", "properties": { "speed": 3.379738, "dir": 265, "AM_dir": 355, "QGIS_dir": 85 }, "geometry": { "type": "Point", "coordinates": [ -12680616.906570919, 6054438.6374362912 ] } },
{ "type": "Feature", "properties": { "speed": 3.989546, "dir": 260, "AM_dir": 350, "QGIS_dir": 80 }, "geometry": { "type": "Point", "coordinates": [ -12663946.951013062, 6053755.4131801929 ] } },
{ "type": "Feature", "properties": { "speed": 4.419541, "dir": 256, "AM_dir": 346, "QGIS_dir": 76 }, "geometry": { "type": "Point", "coordinates": [ -12647280.810208285, 6053039.9863107512 ] } },
{ "type": "Feature", "properties": { "speed": 4.500497, "dir": 248, "AM_dir": 338, "QGIS_dir": 68 }, "geometry": { "type": "Point", "coordinates": [ -12630618.658890653, 6052292.3838543892 ] } },
{ "type": "Feature", "properties": { "speed": 4.884019, "dir": 250, "AM_dir": 340, "QGIS_dir": 70 }, "geometry": { "type": "Point", "coordinates": [ -12613960.671528548, 6051512.6340366639 ] } },
{ "type": "Feature", "properties": { "speed": 4.988775, "dir": 245, "AM_dir": 335, "QGIS_dir": 65 }, "geometry": { "type": "Point", "coordinates": [ -12597307.02231326, 6050700.7662790399 ] } },
{ "type": "Feature", "properties": { "speed": 4.904858, "dir": 232, "AM_dir": 322, "QGIS_dir": 52 }, "geometry": { "type": "Point", "coordinates": [ -12580657.885147652, 6049856.8111955263 ] } },
{ "type": "Feature", "properties": { "speed": 2.812323, "dir": 128, "AM_dir": 218, "QGIS_dir": 308 }, "geometry": { "type": "Point", "coordinates": [ -12847143.99965947, 6076261.1539670015 ] } },
{ "type": "Feature", "properties": { "speed": 2.732460, "dir": 137, "AM_dir": 227, "QGIS_dir": 317 }, "geometry": { "type": "Point", "coordinates": [ -12830413.153848, 6075899.2009613849 ] } },
{ "type": "Feature", "properties": { "speed": 3.178560, "dir": 142, "AM_dir": 232, "QGIS_dir": 322 }, "geometry": { "type": "Point", "coordinates": [ -12813684.37769963, 6075504.6640431685 ] } },
{ "type": "Feature", "properties": { "speed": 3.143368, "dir": 145, "AM_dir": 235, "QGIS_dir": 325 }, "geometry": { "type": "Point", "coordinates": [ -12796957.849198744, 6075077.5582450712 ] } },
{ "type": "Feature", "properties": { "speed": 2.869750, "dir": 147, "AM_dir": 237, "QGIS_dir": 327 }, "geometry": { "type": "Point", "coordinates": [ -12780233.746178353, 6074617.8998354627 ] } },
{ "type": "Feature", "properties": { "speed": 2.298923, "dir": 146, "AM_dir": 236, "QGIS_dir": 326 }, "geometry": { "type": "Point", "coordinates": [ -12763512.246308213, 6074125.7063165111 ] } },
{ "type": "Feature", "properties": { "speed": 1.461345, "dir": 146, "AM_dir": 236, "QGIS_dir": 326 }, "geometry": { "type": "Point", "coordinates": [ -12746793.527082944, 6073600.9964221185 ] } },
{ "type": "Feature", "properties": { "speed": 0.326437, "dir": 269, "AM_dir": 359, "QGIS_dir": 89 }, "geometry": { "type": "Point", "coordinates": [ -12730077.76581018, 6073043.7901158119 ] } },
{ "type": "Feature", "properties": { "speed": 1.806807, "dir": 280, "AM_dir": 10, "QGIS_dir": 100 }, "geometry": { "type": "Point", "coordinates": [ -12713365.139598768, 6072454.1085884171 ] } },
{ "type": "Feature", "properties": { "speed": 2.899136, "dir": 271, "AM_dir": 1, "QGIS_dir": 91 }, "geometry": { "type": "Point", "coordinates": [ -12696655.82534699, 6071831.9742556335 ] } },
{ "type": "Feature", "properties": { "speed": 3.771047, "dir": 264, "AM_dir": 354, "QGIS_dir": 84 }, "geometry": { "type": "Point", "coordinates": [ -12679949.99973082, 6071177.4107554508 ] } },
{ "type": "Feature", "properties": { "speed": 4.423078, "dir": 258, "AM_dir": 348, "QGIS_dir": 78 }, "geometry": { "type": "Point", "coordinates": [ -12663247.839192225, 6070490.4429454356 ] } },
{ "type": "Feature", "properties": { "speed": 4.973922, "dir": 255, "AM_dir": 345, "QGIS_dir": 75 }, "geometry": { "type": "Point", "coordinates": [ -12646549.519927507, 6069771.0968998875 ] } },
{ "type": "Feature", "properties": { "speed": 5.250754, "dir": 253, "AM_dir": 343, "QGIS_dir": 73 }, "geometry": { "type": "Point", "coordinates": [ -12629855.217875682, 6069019.399906841 ] } },
{ "type": "Feature", "properties": { "speed": 5.562325, "dir": 250, "AM_dir": 340, "QGIS_dir": 70 }, "geometry": { "type": "Point", "coordinates": [ -12613165.108706901, 6068235.3804649422 ] } },
{ "type": "Feature", "properties": { "speed": 5.563394, "dir": 241, "AM_dir": 331, "QGIS_dir": 61 }, "geometry": { "type": "Point", "coordinates": [ -12596479.367810939, 6067419.0682801893 ] } },
{ "type": "Feature", "properties": { "speed": 2.535959, "dir": 125, "AM_dir": 215, "QGIS_dir": 305 }, "geometry": { "type": "Point", "coordinates": [ -12846798.442629952, 6093060.0538956393 ] } },
{ "type": "Feature", "properties": { "speed": 2.414553, "dir": 135, "AM_dir": 225, "QGIS_dir": 315 }, "geometry": { "type": "Point", "coordinates": [ -12830035.01537534, 6092696.1116135614 ] } },
{ "type": "Feature", "properties": { "speed": 2.727407, "dir": 145, "AM_dir": 235, "QGIS_dir": 325 }, "geometry": { "type": "Point", "coordinates": [ -12813273.67225044, 6092299.4065859169 ] } },
{ "type": "Feature", "properties": { "speed": 2.679962, "dir": 154, "AM_dir": 244, "QGIS_dir": 334 }, "geometry": { "type": "Point", "coordinates": [ -12796514.59248065, 6091869.9539917326 ] } },
{ "type": "Feature", "properties": { "speed": 2.505282, "dir": 157, "AM_dir": 247, "QGIS_dir": 337 }, "geometry": { "type": "Point", "coordinates": [ -12779757.955138186, 6091407.7702576723 ] } },
{ "type": "Feature", "properties": { "speed": 2.156022, "dir": 158, "AM_dir": 248, "QGIS_dir": 338 }, "geometry": { "type": "Point", "coordinates": [ -12763003.939130049, 6090912.8730561398 ] } },
{ "type": "Feature", "properties": { "speed": 1.624309, "dir": 158, "AM_dir": 248, "QGIS_dir": 338 }, "geometry": { "type": "Point", "coordinates": [ -12746252.723185992, 6090385.28130324 ] } },
{ "type": "Feature", "properties": { "speed": 0.476202, "dir": 176, "AM_dir": 266, "QGIS_dir": 356 }, "geometry": { "type": "Point", "coordinates": [ -12729504.48584656, 6089825.0151565773 ] } },
{ "type": "Feature", "properties": { "speed": 1.223318, "dir": 267, "AM_dir": 357, "QGIS_dir": 87 }, "geometry": { "type": "Point", "coordinates": [ -12712759.405451117, 6089232.0960129322 ] } },
{ "type": "Feature", "properties": { "speed": 2.479149, "dir": 266, "AM_dir": 356, "QGIS_dir": 86 }, "geometry": { "type": "Point", "coordinates": [ -12696017.660125945, 6088606.5465057828 ] } },
{ "type": "Feature", "properties": { "speed": 3.573750, "dir": 261, "AM_dir": 351, "QGIS_dir": 81 }, "geometry": { "type": "Point", "coordinates": [ -12679279.427772354, 6087948.390502708 ] } },
{ "type": "Feature", "properties": { "speed": 4.495623, "dir": 256, "AM_dir": 346, "QGIS_dir": 76 }, "geometry": { "type": "Point", "coordinates": [ -12662544.886054855, 6087257.6531026103 ] } },
{ "type": "Feature", "properties": { "speed": 5.248873, "dir": 252, "AM_dir": 342, "QGIS_dir": 72 }, "geometry": { "type": "Point", "coordinates": [ -12645814.212389342, 6086534.3606328359 ] } },
{ "type": "Feature", "properties": { "speed": 5.561557, "dir": 253, "AM_dir": 343, "QGIS_dir": 73 }, "geometry": { "type": "Point", "coordinates": [ -12629087.583931362, 6085778.5406461433 ] } },
{ "type": "Feature", "properties": { "speed": 5.991723, "dir": 252, "AM_dir": 342, "QGIS_dir": 72 }, "geometry": { "type": "Point", "coordinates": [ -12612365.177564381, 6084990.2219175333 ] } },
{ "type": "Feature", "properties": { "speed": 5.906389, "dir": 247, "AM_dir": 337, "QGIS_dir": 67 }, "geometry": { "type": "Point", "coordinates": [ -12595647.169888137, 6084169.4344409285 ] } },
{ "type": "Feature", "properties": { "speed": 2.411412, "dir": 148, "AM_dir": 238, "QGIS_dir": 328 }, "geometry": { "type": "Point", "coordinates": [ -12812860.703420613, 6109126.6982623376 ] } },
{ "type": "Feature", "properties": { "speed": 2.471978, "dir": 159, "AM_dir": 249, "QGIS_dir": 339 }, "geometry": { "type": "Point", "coordinates": [ -12796068.893307697, 6108694.8824691977 ] } },
{ "type": "Feature", "properties": { "speed": 2.349618, "dir": 161, "AM_dir": 251, "QGIS_dir": 341 }, "geometry": { "type": "Point", "coordinates": [ -12779279.542734167, 6108230.1557638897 ] } },
{ "type": "Feature", "properties": { "speed": 2.064766, "dir": 157, "AM_dir": 247, "QGIS_dir": 337 }, "geometry": { "type": "Point", "coordinates": [ -12762492.831856279, 6107732.5359910987 ] } },
{ "type": "Feature", "properties": { "speed": 1.660153, "dir": 155, "AM_dir": 245, "QGIS_dir": 335 }, "geometry": { "type": "Point", "coordinates": [ -12745708.940650919, 6107202.0422513001 ] } },
{ "type": "Feature", "properties": { "speed": 0.994555, "dir": 174, "AM_dir": 264, "QGIS_dir": 354 }, "geometry": { "type": "Point", "coordinates": [ -12728928.048903482, 6106638.6948985169 ] } },
{ "type": "Feature", "properties": { "speed": 1.205231, "dir": 236, "AM_dir": 326, "QGIS_dir": 56 }, "geometry": { "type": "Point", "coordinates": [ -12712150.336195774, 6106042.5155379502 ] } },
{ "type": "Feature", "properties": { "speed": 2.435472, "dir": 254, "AM_dir": 344, "QGIS_dir": 74 }, "geometry": { "type": "Point", "coordinates": [ -12695375.981893959, 6105413.5270234738 ] } },
{ "type": "Feature", "properties": { "speed": 3.689108, "dir": 254, "AM_dir": 344, "QGIS_dir": 74 }, "geometry": { "type": "Point", "coordinates": [ -12678605.165136525, 6104751.7534549991 ] } },
{ "type": "Feature", "properties": { "speed": 4.789213, "dir": 251, "AM_dir": 341, "QGIS_dir": 71 }, "geometry": { "type": "Point", "coordinates": [ -12661838.064822327, 6104057.220175649 ] } },
{ "type": "Feature", "properties": { "speed": 5.713511, "dir": 248, "AM_dir": 338, "QGIS_dir": 68 }, "geometry": { "type": "Point", "coordinates": [ -12645074.859598624, 6103329.9537688531 ] } },
{ "type": "Feature", "properties": { "speed": 5.952276, "dir": 250, "AM_dir": 340, "QGIS_dir": 70 }, "geometry": { "type": "Point", "coordinates": [ -12628315.727849199, 6102569.9820552617 ] } },
{ "type": "Feature", "properties": { "speed": 6.317058, "dir": 251, "AM_dir": 341, "QGIS_dir": 71 }, "geometry": { "type": "Point", "coordinates": [ -12611560.847682502, 6101777.3340895213 ] } },
{ "type": "Feature", "properties": { "speed": 5.902560, "dir": 250, "AM_dir": 340, "QGIS_dir": 70 }, "geometry": { "type": "Point", "coordinates": [ -12594810.396919863, 6100952.0401569391 ] } },
{ "type": "Feature", "properties": { "speed": 1.231466, "dir": 170, "AM_dir": 260, "QGIS_dir": 350 }, "geometry": { "type": "Point", "coordinates": [ -12728348.432884783, 6123485.0080426978 ] } },
{ "type": "Feature", "properties": { "speed": 1.534256, "dir": 222, "AM_dir": 312, "QGIS_dir": 42 }, "geometry": { "type": "Point", "coordinates": [ -12711537.90849667, 6122885.5456441902 ] } },
{ "type": "Feature", "properties": { "speed": 2.745609, "dir": 244, "AM_dir": 334, "QGIS_dir": 64 }, "geometry": { "type": "Point", "coordinates": [ -12694730.766077755, 6122253.094057139 ] } },
{ "type": "Feature", "properties": { "speed": 4.056701, "dir": 249, "AM_dir": 339, "QGIS_dir": 69 }, "geometry": { "type": "Point", "coordinates": [ -12677927.186015695, 6121587.6776165646 ] } },
{ "type": "Feature", "properties": { "speed": 5.282062, "dir": 249, "AM_dir": 339, "QGIS_dir": 69 }, "geometry": { "type": "Point", "coordinates": [ -12661127.348455625, 6120889.3219127608 ] } },
{ "type": "Feature", "properties": { "speed": 6.341372, "dir": 247, "AM_dir": 337, "QGIS_dir": 67 }, "geometry": { "type": "Point", "coordinates": [ -12644331.433288069, 6120158.0537883146 ] } },
{ "type": "Feature", "properties": { "speed": 6.461821, "dir": 247, "AM_dir": 337, "QGIS_dir": 67 }, "geometry": { "type": "Point", "coordinates": [ -12627539.620136904, 6119393.9013349665 ] } },
{ "type": "Feature", "properties": { "speed": 6.538921, "dir": 250, "AM_dir": 340, "QGIS_dir": 70 }, "geometry": { "type": "Point", "coordinates": [ -12610752.088347375, 6118596.8938903753 ] } },
{ "type": "Feature", "properties": { "speed": 5.619753, "dir": 250, "AM_dir": 340, "QGIS_dir": 70 }, "geometry": { "type": "Point", "coordinates": [ -12593969.016974155, 6117767.0620346954 ] } },
{ "type": "Feature", "properties": { "speed": 7.052068, "dir": 247, "AM_dir": 337, "QGIS_dir": 67 }, "geometry": { "type": "Point", "coordinates": [ -12626759.231015008, 6136250.4769155607 ] } },
{ "type": "Feature", "properties": { "speed": 6.735557, "dir": 249, "AM_dir": 339, "QGIS_dir": 69 }, "geometry": { "type": "Point", "coordinates": [ -12609938.868546164, 6135449.0794555824 ] } },
{ "type": "Feature", "properties": { "speed": 5.240524, "dir": 246, "AM_dir": 336, "QGIS_dir": 66 }, "geometry": { "type": "Point", "coordinates": [ -12593122.9978084, 6134614.6779030999 ] } }
]
}
